"REF_DATE","GEO","DGUID","Labour force characteristics","Gender","Age group","Statistics","Data type","UOM","UOM_ID","SCALAR_FACTOR","SCALAR_ID","VECTOR","COORDINATE","VALUE","STATUS","SYMBOL","TERMINATED","DECIMALS"
"2025-05","Canada","2021A000011124","Population","Total - Gender","15 years and over","Estimate","Seasonally adjusted","Persons in thousands","428","thousands","3","v2062809","1.1.1.1.1.1","34530.6","","","","1"
"2025-06","Canada","2021A000011124","Population","Total - Gender","15 years and over","Estimate","Seasonally adjusted","Persons in thousands","428","thousands","3","v2062809","1.1.1.1.1.1","34577.2","","","","1"
"2025-07","Canada","2021A000011124","Population","Total - Gender","15 years and over","Estimate","Seasonally adjusted","Persons in thousands","428","thousands","3","v2062809","1.1.1.1.1.1","34614.8","","","","1"
"2025-08","Canada","2021A000011124","Population","Total - Gender","15 years and over","Estimate","Seasonally adjusted","Persons in thousands","428","thousands","3","v2062809","1.1.1.1.1.1","34644.2","","","","1"
"2025-09","Canada","2021A000011124","Population","Total - Gender","15 years and over","Estimate","Seasonally adjusted","Persons in thousands","428","thousands","3","v2062809","1.1.1.1.1.1","34671.9","","","","1"
"2025-05","Canada","2021A000011124","Labour force","Total - Gender","15 years and over","Estimate","Seasonally adjusted","Persons in thousands","428","thousands","3","v2062810","1.2.1.1.1.1","22552.7","","","","1"
"2025-06","Canada","2021A000011124","Labour force","Total - Gender","15 years and over","Estimate","Seasonally adjusted","Persons in thousands","428","thousands","3","v2062810","1.2.1.1.1.1","22613.7","","","","1"
"2025-07","Canada","2021A000011124","Labour force","Total - Gender","15 years and over","Estimate","Seasonally adjusted","Persons in thousands","428","thousands","3","v2062810","1.2.1.1.1.1","22580.7","","","","1"
"2025-08","Canada","2021A000011124","Labour force","Total - Gender","15 years and over","Estimate","Seasonally adjusted","Persons in thousands","428","thousands","3","v2062810","1.2.1.1.1.1","22549.5","","","","1"
"2025-09","Canada","2021A000011124","Labour force","Total - Gender","15 years and over","Estimate","Seasonally adjusted","Persons in thousands","428","thousands","3","v2062810","1.2.1.1.1.1","22621.8","","","","1"
"2025-05","Canada","2021A000011124","Employment","Total - Gender","15 years and over","Estimate","Seasonally adjusted","Persons in thousands","428","thousands","3","v2062811","1.3.1.1.1.1","20978.1","","","","1"
"2025-06","Canada","2021A000011124","Employment","Total - Gender","15 years and over","Estimate","Seasonally adjusted","Persons in thousands","428","thousands","3","v2062811","1.3.1.1.1.1","21061.2","","","","1"
"2025-07","Canada","2021A000011124","Employment","Total - Gender","15 years and over","Estimate","Seasonally adjusted","Persons in thousands","428","thousands","3","v2062811","1.3.1.1.1.1","21020.4","","","","1"
"2025-08","Canada","2021A000011124","Employment","Total - Gender","15 years and over","Estimate","Seasonally adjusted","Persons in thousands","428","thousands","3","v2062811","1.3.1.1.1.1","20954.9","","","","1"
"2025-09","Canada","2021A000011124","Employment","Total - Gender","15 years and over","Estimate","Seasonally adjusted","Persons in thousands","428","thousands","3","v2062811","1.3.1.1.1.1","21015.3","","","","1"
"2025-05","Canada","2021A000011124","Full-time employment","Total - Gender","15 years and over","Estimate","Seasonally adjusted","Persons in thousands","428","thousands","3","v2062812","1.4.1.1.1.1","17193.4","","","","1"
"2025-06","Canada","2021A000011124","Full-time employment","Total - Gender","15 years and over","Estimate","Seasonally adjusted","Persons in thousands","428","thousands","3","v2062812","1.4.1.1.1.1","17206.9","","","","1"
"2025-07","Canada","2021A000011124","Full-time employment","Total - Gender","15 years and over","Estimate","Seasonally adjusted","Persons in thousands","428","thousands","3","v2062812","1.4.1.1.1.1","17155.9","","","","1"
"2025-08","Canada","2021A000011124","Full-time employment","Total - Gender","15 years and over","Estimate","Seasonally adjusted","Persons in thousands","428","thousands","3","v2062812","1.4.1.1.1.1","17149.9","","","","1"
"2025-09","Canada","2021A000011124","Full-time employment","Total - Gender","15 years and over","Estimate","Seasonally adjusted","Persons in thousands","428","thousands","3","v2062812","1.4.1.1.1.1","17256.0","","","","1"
"2025-05","Canada","2021A000011124","Part-time employment","Total - Gender","15 years and over","Estimate","Seasonally adjusted","Persons in thousands","428","thousands","3","v2062813","1.5.1.1.1.1","3784.8","","","","1"
"2025-06","Canada","2021A000011124","Part-time employment","Total - Gender","15 years and over","Estimate","Seasonally adjusted","Persons in thousands","428","thousands","3","v2062813","1.5.1.1.1.1","3854.3","","","","1"
"2025-07","Canada","2021A000011124","Part-time employment","Total - Gender","15 years and over","Estimate","Seasonally adjusted","Persons in thousands","428","thousands","3","v2062813","1.5.1.1.1.1","3864.6","","","","1"
"2025-08","Canada","2021A000011124","Part-time employment","Total - Gender","15 years and over","Estimate","Seasonally adjusted","Persons in thousands","428","thousands","3","v2062813","1.5.1.1.1.1","3804.9","","","","1"
"2025-09","Canada","2021A000011124","Part-time employment","Total - Gender","15 years and over","Estimate","Seasonally adjusted","Persons in thousands","428","thousands","3","v2062813","1.5.1.1.1.1","3759.3","","","","1"
"2025-05","Canada","2021A000011124","Unemployment","Total - Gender","15 years and over","Estimate","Seasonally adjusted","Persons in thousands","428","thousands","3","v2062814","1.6.1.1.1.1","1574.6","","","","1"
"2025-06","Canada","2021A000011124","Unemployment","Total - Gender","15 years and over","Estimate","Seasonally adjusted","Persons in thousands","428","thousands","3","v2062814","1.6.1.1.1.1","1552.5","","","","1"
"2025-07","Canada","2021A000011124","Unemployment","Total - Gender","15 years and over","Estimate","Seasonally adjusted","Persons in thousands","428","thousands","3","v2062814","1.6.1.1.1.1","1560.2","","","","1"
"2025-08","Canada","2021A000011124","Unemployment","Total - Gender","15 years and over","Estimate","Seasonally adjusted","Persons in thousands","428","thousands","3","v2062814","1.6.1.1.1.1","1594.6","","","","1"
"2025-09","Canada","2021A000011124","Unemployment","Total - Gender","15 years and over","Estimate","Seasonally adjusted","Persons in thousands","428","thousands","3","v2062814","1.6.1.1.1.1","1606.5","","","","1"
"2025-05","Canada","2021A000011124","Unemployment rate","Total - Gender","15 years and over","Estimate","Seasonally adjusted","Percent","239","units","0","v2062815","1.7.1.1.1.1","7.0","","","","1"
"2025-06","Canada","2021A000011124","Unemployment rate","Total - Gender","15 years and over","Estimate","Seasonally adjusted","Percent","239","units","0","v2062815","1.7.1.1.1.1","6.9","","","","1"
"2025-07","Canada","2021A000011124","Unemployment rate","Total - Gender","15 years and over","Estimate","Seasonally adjusted","Percent","239","units","0","v2062815","1.7.1.1.1.1","6.9","","","","1"
"2025-08","Canada","2021A000011124","Unemployment rate","Total - Gender","15 years and over","Estimate","Seasonally adjusted","Percent","239","units","0","v2062815","1.7.1.1.1.1","7.1","","","","1"
"2025-09","Canada","2021A000011124","Unemployment rate","Total - Gender","15 years and over","Estimate","Seasonally adjusted","Percent","239","units","0","v2062815","1.7.1.1.1.1","7.1","","","","1"
"2025-05","Canada","2021A000011124","Participation rate","Total - Gender","15 years and over","Estimate","Seasonally adjusted","Percent","239","units","0","v2062816","1.8.1.1.1.1","65.3","","","","1"
"2025-06","Canada","2021A000011124","Participation rate","Total - Gender","15 years and over","Estimate","Seasonally adjusted","Percent","239","units","0","v2062816","1.8.1.1.1.1","65.4","","","","1"
"2025-07","Canada","2021A000011124","Participation rate","Total - Gender","15 years and over","Estimate","Seasonally adjusted","Percent","239","units","0","v2062816","1.8.1.1.1.1","65.2","","","","1"
"2025-08","Canada","2021A000011124","Participation rate","Total - Gender","15 years and over","Estimate","Seasonally adjusted","Percent","239","units","0","v2062816","1.8.1.1.1.1","65.1","","","","1"
"2025-09","Canada","2021A000011124","Participation rate","Total - Gender","15 years and over","Estimate","Seasonally adjusted","Percent","239","units","0","v2062816","1.8.1.1.1.1","65.2","","","","1"
"2025-05","Canada","2021A000011124","Employment rate","Total - Gender","15 years and over","Estimate","Seasonally adjusted","Percent","239","units","0","v2062817","1.9.1.1.1.1","60.8","","","","1"
"2025-06","Canada","2021A000011124","Employment rate","Total - Gender","15 years and over","Estimate","Seasonally adjusted","Percent","239","units","0","v2062817","1.9.1.1.1.1","60.9","","","","1"
"2025-07","Canada","2021A000011124","Employment rate","Total - Gender","15 years and over","Estimate","Seasonally adjusted","Percent","239","units","0","v2062817","1.9.1.1.1.1","60.7","","","","1"
"2025-08","Canada","2021A000011124","Employment rate","Total - Gender","15 years and over","Estimate","Seasonally adjusted","Percent","239","units","0","v2062817","1.9.1.1.1.1","60.5","","","","1"
"2025-09","Canada","2021A000011124","Employment rate","Total - Gender","15 years and over","Estimate","Seasonally adjusted","Percent","239","units","0","v2062817","1.9.1.1.1.1","60.6","","","","1"
"2025-05","Newfoundland and Labrador","2021A000210","Population","Total - Gender","15 years and over","Estimate","Seasonally adjusted","Persons in thousands","428","thousands","3","v2062998","2.1.1.1.1.1","470.9","","","","1"
"2025-06","Newfoundland and Labrador","2021A000210","Population","Total - Gender","15 years and over","Estimate","Seasonally adjusted","Persons in thousands","428","thousands","3","v2062998","2.1.1.1.1.1","471.1","","","","1"
"2025-07","Newfoundland and Labrador","2021A000210","Population","Total - Gender","15 years and over","Estimate","Seasonally adjusted","Persons in thousands","428","thousands","3","v2062998","2.1.1.1.1.1","471.4","","","","1"
"2025-08","Newfoundland and Labrador","2021A000210","Population","Total - Gender","15 years and over","Estimate","Seasonally adjusted","Persons in thousands","428","thousands","3","v2062998","2.1.1.1.1.1","471.7","","","","1"
"2025-09","Newfoundland and Labrador","2021A000210","Population","Total - Gender","15 years and over","Estimate","Seasonally adjusted","Persons in thousands","428","thousands","3","v2062998","2.1.1.1.1.1","471.8","","","","1"
"2025-05","Newfoundland and Labrador","2021A000210","Labour force","Total - Gender","15 years and over","Estimate","Seasonally adjusted","Persons in thousands","428","thousands","3","v2062999","2.2.1.1.1.1","275.2","","","","1"
"2025-06","Newfoundland and Labrador","2021A000210","Labour force","Total - Gender","15 years and over","Estimate","Seasonally adjusted","Persons in thousands","428","thousands","3","v2062999","2.2.1.1.1.1","272.0","","","","1"
"2025-07","Newfoundland and Labrador","2021A000210","Labour force","Total - Gender","15 years and over","Estimate","Seasonally adjusted","Persons in thousands","428","thousands","3","v2062999","2.2.1.1.1.1","274.9","","","","1"
"2025-08","Newfoundland and Labrador","2021A000210","Labour force","Total - Gender","15 years and over","Estimate","Seasonally adjusted","Persons in thousands","428","thousands","3","v2062999","2.2.1.1.1.1","272.1","","","","1"
"2025-09","Newfoundland and Labrador","2021A000210","Labour force","Total - Gender","15 years and over","Estimate","Seasonally adjusted","Persons in thousands","428","thousands","3","v2062999","2.2.1.1.1.1","269.2","","","","1"
"2025-05","Newfoundland and Labrador","2021A000210","Employment","Total - Gender","15 years and over","Estimate","Seasonally adjusted","Persons in thousands","428","thousands","3","v2063000","2.3.1.1.1.1","248.5","","","","1"
"2025-06","Newfoundland and Labrador","2021A000210","Employment","Total - Gender","15 years and over","Estimate","Seasonally adjusted","Persons in thousands","428","thousands","3","v2063000","2.3.1.1.1.1","245.0","","","","1"
"2025-07","Newfoundland and Labrador","2021A000210","Employment","Total - Gender","15 years and over","Estimate","Seasonally adjusted","Persons in thousands","428","thousands","3","v2063000","2.3.1.1.1.1","246.1","","","","1"
"2025-08","Newfoundland and Labrador","2021A000210","Employment","Total - Gender","15 years and over","Estimate","Seasonally adjusted","Persons in thousands","428","thousands","3","v2063000","2.3.1.1.1.1","242.9","","","","1"
"2025-09","Newfoundland and Labrador","2021A000210","Employment","Total - Gender","15 years and over","Estimate","Seasonally adjusted","Persons in thousands","428","thousands","3","v2063000","2.3.1.1.1.1","240.7","","","","1"
"2025-05","Newfoundland and Labrador","2021A000210","Full-time employment","Total - Gender","15 years and over","Estimate","Seasonally adjusted","Persons in thousands","428","thousands","3","v2063001","2.4.1.1.1.1","208.3","","","","1"
"2025-06","Newfoundland and Labrador","2021A000210","Full-time employment","Total - Gender","15 years and over","Estimate","Seasonally adjusted","Persons in thousands","428","thousands","3","v2063001","2.4.1.1.1.1","207.9","","","","1"
"2025-07","Newfoundland and Labrador","2021A000210","Full-time employment","Total - Gender","15 years and over","Estimate","Seasonally adjusted","Persons in thousands","428","thousands","3","v2063001","2.4.1.1.1.1","206.8","","","","1"
"2025-08","Newfoundland and Labrador","2021A000210","Full-time employment","Total - Gender","15 years and over","Estimate","Seasonally adjusted","Persons in thousands","428","thousands","3","v2063001","2.4.1.1.1.1","203.1","","","","1"
"2025-09","Newfoundland and Labrador","2021A000210","Full-time employment","Total - Gender","15 years and over","Estimate","Seasonally adjusted","Persons in thousands","428","thousands","3","v2063001","2.4.1.1.1.1","206.2","","","","1"
"2025-05","Newfoundland and Labrador","2021A000210","Part-time employment","Total - Gender","15 years and over","Estimate","Seasonally adjusted","Persons in thousands","428","thousands","3","v2063002","2.5.1.1.1.1","40.2","","","","1"
"2025-06","Newfoundland and Labrador","2021A000210","Part-time employment","Total - Gender","15 years and over","Estimate","Seasonally adjusted","Persons in thousands","428","thousands","3","v2063002","2.5.1.1.1.1","37.1","","","","1"
"2025-07","Newfoundland and Labrador","2021A000210","Part-time employment","Total - Gender","15 years and over","Estimate","Seasonally adjusted","Persons in thousands","428","thousands","3","v2063002","2.5.1.1.1.1","39.3","","","","1"
"2025-08","Newfoundland and Labrador","2021A000210","Part-time employment","Total - Gender","15 years and over","Estimate","Seasonally adjusted","Persons in thousands","428","thousands","3","v2063002","2.5.1.1.1.1","39.8","","","","1"
"2025-09","Newfoundland and Labrador","2021A000210","Part-time employment","Total - Gender","15 years and over","Estimate","Seasonally adjusted","Persons in thousands","428","thousands","3","v2063002","2.5.1.1.1.1","34.4","","","","1"
"2025-05","Newfoundland and Labrador","2021A000210","Unemployment","Total - Gender","15 years and over","Estimate","Seasonally adjusted","Persons in thousands","428","thousands","3","v2063003","2.6.1.1.1.1","26.7","","","","1"
"2025-06","Newfoundland and Labrador","2021A000210","Unemployment","Total - Gender","15 years and over","Estimate","Seasonally adjusted","Persons in thousands","428","thousands","3","v2063003","2.6.1.1.1.1","27.0","","","","1"
"2025-07","Newfoundland and Labrador","2021A000210","Unemployment","Total - Gender","15 years and over","Estimate","Seasonally adjusted","Persons in thousands","428","thousands","3","v2063003","2.6.1.1.1.1","28.8","","","","1"
"2025-08","Newfoundland and Labrador","2021A000210","Unemployment","Total - Gender","15 years and over","Estimate","Seasonally adjusted","Persons in thousands","428","thousands","3","v2063003","2.6.1.1.1.1","29.2","","","","1"
"2025-09","Newfoundland and Labrador","2021A000210","Unemployment","Total - Gender","15 years and over","Estimate","Seasonally adjusted","Persons in thousands","428","thousands","3","v2063003","2.6.1.1.1.1","28.5","","","","1"
"2025-05","Newfoundland and Labrador","2021A000210","Unemployment rate","Total - Gender","15 years and over","Estimate","Seasonally adjusted","Percent","239","units","0","v2063004","2.7.1.1.1.1","9.7","","","","1"
"2025-06","Newfoundland and Labrador","2021A000210","Unemployment rate","Total - Gender","15 years and over","Estimate","Seasonally adjusted","Percent","239","units","0","v2063004","2.7.1.1.1.1","9.9","","","","1"
"2025-07","Newfoundland and Labrador","2021A000210","Unemployment rate","Total - Gender","15 years and over","Estimate","Seasonally adjusted","Percent","239","units","0","v2063004","2.7.1.1.1.1","10.5","","","","1"
"2025-08","Newfoundland and Labrador","2021A000210","Unemployment rate","Total - Gender","15 years and over","Estimate","Seasonally adjusted","Percent","239","units","0","v2063004","2.7.1.1.1.1","10.7","","","","1"
"2025-09","Newfoundland and Labrador","2021A000210","Unemployment rate","Total - Gender","15 years and over","Estimate","Seasonally adjusted","Percent","239","units","0","v2063004","2.7.1.1.1.1","10.6","","","","1"
"2025-05","Newfoundland and Labrador","2021A000210","Participation rate","Total - Gender","15 years and over","Estimate","Seasonally adjusted","Percent","239","units","0","v2063005","2.8.1.1.1.1","58.4","","","","1"
"2025-06","Newfoundland and Labrador","2021A000210","Participation rate","Total - Gender","15 years and over","Estimate","Seasonally adjusted","Percent","239","units","0","v2063005","2.8.1.1.1.1","57.7","","","","1"
"2025-07","Newfoundland and Labrador","2021A000210","Participation rate","Total - Gender","15 years and over","Estimate","Seasonally adjusted","Percent","239","units","0","v2063005","2.8.1.1.1.1","58.3","","","","1"
"2025-08","Newfoundland and Labrador","2021A000210","Participation rate","Total - Gender","15 years and over","Estimate","Seasonally adjusted","Percent","239","units","0","v2063005","2.8.1.1.1.1","57.7","","","","1"
"2025-09","Newfoundland and Labrador","2021A000210","Participation rate","Total - Gender","15 years and over","Estimate","Seasonally adjusted","Percent","239","units","0","v2063005","2.8.1.1.1.1","57.1","","","","1"
"2025-05","Newfoundland and Labrador","2021A000210","Employment rate","Total - Gender","15 years and over","Estimate","Seasonally adjusted","Percent","239","units","0","v2063006","2.9.1.1.1.1","52.8","","","","1"
"2025-06","Newfoundland and Labrador","2021A000210","Employment rate","Total - Gender","15 years and over","Estimate","Seasonally adjusted","Percent","239","units","0","v2063006","2.9.1.1.1.1","52.0","","","","1"
"2025-07","Newfoundland and Labrador","2021A000210","Employment rate","Total - Gender","15 years and over","Estimate","Seasonally adjusted","Percent","239","units","0","v2063006","2.9.1.1.1.1","52.2","","","","1"
"2025-08","Newfoundland and Labrador","2021A000210","Employment rate","Total - Gender","15 years and over","Estimate","Seasonally adjusted","Percent","239","units","0","v2063006","2.9.1.1.1.1","51.5","","","","1"
"2025-09","Newfoundland and Labrador","2021A000210","Employment rate","Total - Gender","15 years and over","Estimate","Seasonally adjusted","Percent","239","units","0","v2063006","2.9.1.1.1.1","51.0","","","","1"
"2025-05","Prince Edward Island","2021A000211","Population","Total - Gender","15 years and over","Estimate","Seasonally adjusted","Persons in thousands","428","thousands","3","v2063187","3.1.1.1.1.1","153.4","","","","1"
"2025-06","Prince Edward Island","2021A000211","Population","Total - Gender","15 years and over","Estimate","Seasonally adjusted","Persons in thousands","428","thousands","3","v2063187","3.1.1.1.1.1","154.0","","","","1"
"2025-07","Prince Edward Island","2021A000211","Population","Total - Gender","15 years and over","Estimate","Seasonally adjusted","Persons in thousands","428","thousands","3","v2063187","3.1.1.1.1.1","154.3","","","","1"
"2025-08","Prince Edward Island","2021A000211","Population","Total - Gender","15 years and over","Estimate","Seasonally adjusted","Persons in thousands","428","thousands","3","v2063187","3.1.1.1.1.1","154.5","","","","1"
"2025-09","Prince Edward Island","2021A000211","Population","Total - Gender","15 years and over","Estimate","Seasonally adjusted","Persons in thousands","428","thousands","3","v2063187","3.1.1.1.1.1","154.6","","","","1"
"2025-05","Prince Edward Island","2021A000211","Labour force","Total - Gender","15 years and over","Estimate","Seasonally adjusted","Persons in thousands","428","thousands","3","v2063188","3.2.1.1.1.1","99.8","","","","1"
"2025-06","Prince Edward Island","2021A000211","Labour force","Total - Gender","15 years and over","Estimate","Seasonally adjusted","Persons in thousands","428","thousands","3","v2063188","3.2.1.1.1.1","100.4","","","","1"
"2025-07","Prince Edward Island","2021A000211","Labour force","Total - Gender","15 years and over","Estimate","Seasonally adjusted","Persons in thousands","428","thousands","3","v2063188","3.2.1.1.1.1","101.6","","","","1"
"2025-08","Prince Edward Island","2021A000211","Labour force","Total - Gender","15 years and over","Estimate","Seasonally adjusted","Persons in thousands","428","thousands","3","v2063188","3.2.1.1.1.1","102.1","","","","1"
"2025-09","Prince Edward Island","2021A000211","Labour force","Total - Gender","15 years and over","Estimate","Seasonally adjusted","Persons in thousands","428","thousands","3","v2063188","3.2.1.1.1.1","103.0","","","","1"
"2025-05","Prince Edward Island","2021A000211","Employment","Total - Gender","15 years and over","Estimate","Seasonally adjusted","Persons in thousands","428","thousands","3","v2063189","3.3.1.1.1.1","91.6","","","","1"
"2025-06","Prince Edward Island","2021A000211","Employment","Total - Gender","15 years and over","Estimate","Seasonally adjusted","Persons in thousands","428","thousands","3","v2063189","3.3.1.1.1.1","91.8","","","","1"
"2025-07","Prince Edward Island","2021A000211","Employment","Total - Gender","15 years and over","Estimate","Seasonally adjusted","Persons in thousands","428","thousands","3","v2063189","3.3.1.1.1.1","92.7","","","","1"
"2025-08","Prince Edward Island","2021A000211","Employment","Total - Gender","15 years and over","Estimate","Seasonally adjusted","Persons in thousands","428","thousands","3","v2063189","3.3.1.1.1.1","93.8","","","","1"
"2025-09","Prince Edward Island","2021A000211","Employment","Total - Gender","15 years and over","Estimate","Seasonally adjusted","Persons in thousands","428","thousands","3","v2063189","3.3.1.1.1.1","92.9","","","","1"
"2025-05","Prince Edward Island","2021A000211","Full-time employment","Total - Gender","15 years and over","Estimate","Seasonally adjusted","Persons in thousands","428","thousands","3","v2063190","3.4.1.1.1.1","79.1","","","","1"
"2025-06","Prince Edward Island","2021A000211","Full-time employment","Total - Gender","15 years and over","Estimate","Seasonally adjusted","Persons in thousands","428","thousands","3","v2063190","3.4.1.1.1.1","80.5","","","","1"
"2025-07","Prince Edward Island","2021A000211","Full-time employment","Total - Gender","15 years and over","Estimate","Seasonally adjusted","Persons in thousands","428","thousands","3","v2063190","3.4.1.1.1.1","80.4","","","","1"
"2025-08","Prince Edward Island","2021A000211","Full-time employment","Total - Gender","15 years and over","Estimate","Seasonally adjusted","Persons in thousands","428","thousands","3","v2063190","3.4.1.1.1.1","81.9","","","","1"
"2025-09","Prince Edward Island","2021A000211","Full-time employment","Total - Gender","15 years and over","Estimate","Seasonally adjusted","Persons in thousands","428","thousands","3","v2063190","3.4.1.1.1.1","79.9","","","","1"
"2025-05","Prince Edward Island","2021A000211","Part-time employment","Total - Gender","15 years and over","Estimate","Seasonally adjusted","Persons in thousands","428","thousands","3","v2063191","3.5.1.1.1.1","12.5","","","","1"
"2025-06","Prince Edward Island","2021A000211","Part-time employment","Total - Gender","15 years and over","Estimate","Seasonally adjusted","Persons in thousands","428","thousands","3","v2063191","3.5.1.1.1.1","11.3","","","","1"
"2025-07","Prince Edward Island","2021A000211","Part-time employment","Total - Gender","15 years and over","Estimate","Seasonally adjusted","Persons in thousands","428","thousands","3","v2063191","3.5.1.1.1.1","12.3","","","","1"
"2025-08","Prince Edward Island","2021A000211","Part-time employment","Total - Gender","15 years and over","Estimate","Seasonally adjusted","Persons in thousands","428","thousands","3","v2063191","3.5.1.1.1.1","11.9","","","","1"
"2025-09","Prince Edward Island","2021A000211","Part-time employment","Total - Gender","15 years and over","Estimate","Seasonally adjusted","Persons in thousands","428","thousands","3","v2063191","3.5.1.1.1.1","13.0","","","","1"
"2025-05","Prince Edward Island","2021A000211","Unemployment","Total - Gender","15 years and over","Estimate","Seasonally adjusted","Persons in thousands","428","thousands","3","v2063192","3.6.1.1.1.1","8.2","","","","1"
"2025-06","Prince Edward Island","2021A000211","Unemployment","Total - Gender","15 years and over","Estimate","Seasonally adjusted","Persons in thousands","428","thousands","3","v2063192","3.6.1.1.1.1","8.6","","","","1"
"2025-07","Prince Edward Island","2021A000211","Unemployment","Total - Gender","15 years and over","Estimate","Seasonally adjusted","Persons in thousands","428","thousands","3","v2063192","3.6.1.1.1.1","8.9","","","","1"
"2025-08","Prince Edward Island","2021A000211","Unemployment","Total - Gender","15 years and over","Estimate","Seasonally adjusted","Persons in thousands","428","thousands","3","v2063192","3.6.1.1.1.1","8.3","","","","1"
"2025-09","Prince Edward Island","2021A000211","Unemployment","Total - Gender","15 years and over","Estimate","Seasonally adjusted","Persons in thousands","428","thousands","3","v2063192","3.6.1.1.1.1","10.0","","","","1"
"2025-05","Prince Edward Island","2021A000211","Unemployment rate","Total - Gender","15 years and over","Estimate","Seasonally adjusted","Percent","239","units","0","v2063193","3.7.1.1.1.1","8.2","","","","1"
"2025-06","Prince Edward Island","2021A000211","Unemployment rate","Total - Gender","15 years and over","Estimate","Seasonally adjusted","Percent","239","units","0","v2063193","3.7.1.1.1.1","8.6","","","","1"
"2025-07","Prince Edward Island","2021A000211","Unemployment rate","Total - Gender","15 years and over","Estimate","Seasonally adjusted","Percent","239","units","0","v2063193","3.7.1.1.1.1","8.8","","","","1"
"2025-08","Prince Edward Island","2021A000211","Unemployment rate","Total - Gender","15 years and over","Estimate","Seasonally adjusted","Percent","239","units","0","v2063193","3.7.1.1.1.1","8.1","","","","1"
"2025-09","Prince Edward Island","2021A000211","Unemployment rate","Total - Gender","15 years and over","Estimate","Seasonally adjusted","Percent","239","units","0","v2063193","3.7.1.1.1.1","9.7","","","","1"
"2025-05","Prince Edward Island","2021A000211","Participation rate","Total - Gender","15 years and over","Estimate","Seasonally adjusted","Percent","239","units","0","v2063194","3.8.1.1.1.1","65.1","","","","1"
"2025-06","Prince Edward Island","2021A000211","Participation rate","Total - Gender","15 years and over","Estimate","Seasonally adjusted","Percent","239","units","0","v2063194","3.8.1.1.1.1","65.2","","","","1"
"2025-07","Prince Edward Island","2021A000211","Participation rate","Total - Gender","15 years and over","Estimate","Seasonally adjusted","Percent","239","units","0","v2063194","3.8.1.1.1.1","65.8","","","","1"
"2025-08","Prince Edward Island","2021A000211","Participation rate","Total - Gender","15 years and over","Estimate","Seasonally adjusted","Percent","239","units","0","v2063194","3.8.1.1.1.1","66.1","","","","1"
"2025-09","Prince Edward Island","2021A000211","Participation rate","Total - Gender","15 years and over","Estimate","Seasonally adjusted","Percent","239","units","0","v2063194","3.8.1.1.1.1","66.6","","","","1"
"2025-05","Prince Edward Island","2021A000211","Employment rate","Total - Gender","15 years and over","Estimate","Seasonally adjusted","Percent","239","units","0","v2063195","3.9.1.1.1.1","59.7","","","","1"
"2025-06","Prince Edward Island","2021A000211","Employment rate","Total - Gender","15 years and over","Estimate","Seasonally adjusted","Percent","239","units","0","v2063195","3.9.1.1.1.1","59.6","","","","1"
"2025-07","Prince Edward Island","2021A000211","Employment rate","Total - Gender","15 years and over","Estimate","Seasonally adjusted","Percent","239","units","0","v2063195","3.9.1.1.1.1","60.1","","","","1"
"2025-08","Prince Edward Island","2021A000211","Employment rate","Total - Gender","15 years and over","Estimate","Seasonally adjusted","Percent","239","units","0","v2063195","3.9.1.1.1.1","60.7","","","","1"
"2025-09","Prince Edward Island","2021A000211","Employment rate","Total - Gender","15 years and over","Estimate","Seasonally adjusted","Percent","239","units","0","v2063195","3.9.1.1.1.1","60.1","","","","1"
"2025-05","Nova Scotia","2021A000212","Population","Total - Gender","15 years and over","Estimate","Seasonally adjusted","Persons in thousands","428","thousands","3","v2063376","4.1.1.1.1.1","912.5","","","","1"
"2025-06","Nova Scotia","2021A000212","Population","Total - Gender","15 years and over","Estimate","Seasonally adjusted","Persons in thousands","428","thousands","3","v2063376","4.1.1.1.1.1","913.2","","","","1"
"2025-07","Nova Scotia","2021A000212","Population","Total - Gender","15 years and over","Estimate","Seasonally adjusted","Persons in thousands","428","thousands","3","v2063376","4.1.1.1.1.1","913.8","","","","1"
"2025-08","Nova Scotia","2021A000212","Population","Total - Gender","15 years and over","Estimate","Seasonally adjusted","Persons in thousands","428","thousands","3","v2063376","4.1.1.1.1.1","914.3","","","","1"
"2025-09","Nova Scotia","2021A000212","Population","Total - Gender","15 years and over","Estimate","Seasonally adjusted","Persons in thousands","428","thousands","3","v2063376","4.1.1.1.1.1","915.4","","","","1"
"2025-05","Nova Scotia","2021A000212","Labour force","Total - Gender","15 years and over","Estimate","Seasonally adjusted","Persons in thousands","428","thousands","3","v2063377","4.2.1.1.1.1","563.9","","","","1"
"2025-06","Nova Scotia","2021A000212","Labour force","Total - Gender","15 years and over","Estimate","Seasonally adjusted","Persons in thousands","428","thousands","3","v2063377","4.2.1.1.1.1","561.2","","","","1"
"2025-07","Nova Scotia","2021A000212","Labour force","Total - Gender","15 years and over","Estimate","Seasonally adjusted","Persons in thousands","428","thousands","3","v2063377","4.2.1.1.1.1","564.7","","","","1"
"2025-08","Nova Scotia","2021A000212","Labour force","Total - Gender","15 years and over","Estimate","Seasonally adjusted","Persons in thousands","428","thousands","3","v2063377","4.2.1.1.1.1","560.5","","","","1"
"2025-09","Nova Scotia","2021A000212","Labour force","Total - Gender","15 years and over","Estimate","Seasonally adjusted","Persons in thousands","428","thousands","3","v2063377","4.2.1.1.1.1","560.3","","","","1"
"2025-05","Nova Scotia","2021A000212","Employment","Total - Gender","15 years and over","Estimate","Seasonally adjusted","Persons in thousands","428","thousands","3","v2063378","4.3.1.1.1.1","527.0","","","","1"
"2025-06","Nova Scotia","2021A000212","Employment","Total - Gender","15 years and over","Estimate","Seasonally adjusted","Persons in thousands","428","thousands","3","v2063378","4.3.1.1.1.1","523.6","","","","1"
"2025-07","Nova Scotia","2021A000212","Employment","Total - Gender","15 years and over","Estimate","Seasonally adjusted","Persons in thousands","428","thousands","3","v2063378","4.3.1.1.1.1","525.4","","","","1"
"2025-08","Nova Scotia","2021A000212","Employment","Total - Gender","15 years and over","Estimate","Seasonally adjusted","Persons in thousands","428","thousands","3","v2063378","4.3.1.1.1.1","524.1","","","","1"
"2025-09","Nova Scotia","2021A000212","Employment","Total - Gender","15 years and over","Estimate","Seasonally adjusted","Persons in thousands","428","thousands","3","v2063378","4.3.1.1.1.1","525.4","","","","1"
"2025-05","Nova Scotia","2021A000212","Full-time employment","Total - Gender","15 years and over","Estimate","Seasonally adjusted","Persons in thousands","428","thousands","3","v2063379","4.4.1.1.1.1","439.1","","","","1"
"2025-06","Nova Scotia","2021A000212","Full-time employment","Total - Gender","15 years and over","Estimate","Seasonally adjusted","Persons in thousands","428","thousands","3","v2063379","4.4.1.1.1.1","437.2","","","","1"
"2025-07","Nova Scotia","2021A000212","Full-time employment","Total - Gender","15 years and over","Estimate","Seasonally adjusted","Persons in thousands","428","thousands","3","v2063379","4.4.1.1.1.1","438.8","","","","1"
"2025-08","Nova Scotia","2021A000212","Full-time employment","Total - Gender","15 years and over","Estimate","Seasonally adjusted","Persons in thousands","428","thousands","3","v2063379","4.4.1.1.1.1","434.4","","","","1"
"2025-09","Nova Scotia","2021A000212","Full-time employment","Total - Gender","15 years and over","Estimate","Seasonally adjusted","Persons in thousands","428","thousands","3","v2063379","4.4.1.1.1.1","436.5","","","","1"
"2025-05","Nova Scotia","2021A000212","Part-time employment","Total - Gender","15 years and over","Estimate","Seasonally adjusted","Persons in thousands","428","thousands","3","v2063380","4.5.1.1.1.1","87.8","","","","1"
"2025-06","Nova Scotia","2021A000212","Part-time employment","Total - Gender","15 years and over","Estimate","Seasonally adjusted","Persons in thousands","428","thousands","3","v2063380","4.5.1.1.1.1","86.4","","","","1"
"2025-07","Nova Scotia","2021A000212","Part-time employment","Total - Gender","15 years and over","Estimate","Seasonally adjusted","Persons in thousands","428","thousands","3","v2063380","4.5.1.1.1.1","86.6","","","","1"
"2025-08","Nova Scotia","2021A000212","Part-time employment","Total - Gender","15 years and over","Estimate","Seasonally adjusted","Persons in thousands","428","thousands","3","v2063380","4.5.1.1.1.1","89.7","","","","1"
"2025-09","Nova Scotia","2021A000212","Part-time employment","Total - Gender","15 years and over","Estimate","Seasonally adjusted","Persons in thousands","428","thousands","3","v2063380","4.5.1.1.1.1","88.9","","","","1"
"2025-05","Nova Scotia","2021A000212","Unemployment","Total - Gender","15 years and over","Estimate","Seasonally adjusted","Persons in thousands","428","thousands","3","v2063381","4.6.1.1.1.1","36.9","","","","1"
"2025-06","Nova Scotia","2021A000212","Unemployment","Total - Gender","15 years and over","Estimate","Seasonally adjusted","Persons in thousands","428","thousands","3","v2063381","4.6.1.1.1.1","37.6","","","","1"
"2025-07","Nova Scotia","2021A000212","Unemployment","Total - Gender","15 years and over","Estimate","Seasonally adjusted","Persons in thousands","428","thousands","3","v2063381","4.6.1.1.1.1","39.3","","","","1"
"2025-08","Nova Scotia","2021A000212","Unemployment","Total - Gender","15 years and over","Estimate","Seasonally adjusted","Persons in thousands","428","thousands","3","v2063381","4.6.1.1.1.1","36.4","","","","1"
"2025-09","Nova Scotia","2021A000212","Unemployment","Total - Gender","15 years and over","Estimate","Seasonally adjusted","Persons in thousands","428","thousands","3","v2063381","4.6.1.1.1.1","34.8","","","","1"
"2025-05","Nova Scotia","2021A000212","Unemployment rate","Total - Gender","15 years and over","Estimate","Seasonally adjusted","Percent","239","units","0","v2063382","4.7.1.1.1.1","6.5","","","","1"
"2025-06","Nova Scotia","2021A000212","Unemployment rate","Total - Gender","15 years and over","Estimate","Seasonally adjusted","Percent","239","units","0","v2063382","4.7.1.1.1.1","6.7","","","","1"
"2025-07","Nova Scotia","2021A000212","Unemployment rate","Total - Gender","15 years and over","Estimate","Seasonally adjusted","Percent","239","units","0","v2063382","4.7.1.1.1.1","7.0","","","","1"
"2025-08","Nova Scotia","2021A000212","Unemployment rate","Total - Gender","15 years and over","Estimate","Seasonally adjusted","Percent","239","units","0","v2063382","4.7.1.1.1.1","6.5","","","","1"
"2025-09","Nova Scotia","2021A000212","Unemployment rate","Total - Gender","15 years and over","Estimate","Seasonally adjusted","Percent","239","units","0","v2063382","4.7.1.1.1.1","6.2","","","","1"
"2025-05","Nova Scotia","2021A000212","Participation rate","Total - Gender","15 years and over","Estimate","Seasonally adjusted","Percent","239","units","0","v2063383","4.8.1.1.1.1","61.8","","","","1"
"2025-06","Nova Scotia","2021A000212","Participation rate","Total - Gender","15 years and over","Estimate","Seasonally adjusted","Percent","239","units","0","v2063383","4.8.1.1.1.1","61.5","","","","1"
"2025-07","Nova Scotia","2021A000212","Participation rate","Total - Gender","15 years and over","Estimate","Seasonally adjusted","Percent","239","units","0","v2063383","4.8.1.1.1.1","61.8","","","","1"
"2025-08","Nova Scotia","2021A000212","Participation rate","Total - Gender","15 years and over","Estimate","Seasonally adjusted","Percent","239","units","0","v2063383","4.8.1.1.1.1","61.3","","","","1"
"2025-09","Nova Scotia","2021A000212","Participation rate","Total - Gender","15 years and over","Estimate","Seasonally adjusted","Percent","239","units","0","v2063383","4.8.1.1.1.1","61.2","","","","1"
"2025-05","Nova Scotia","2021A000212","Employment rate","Total - Gender","15 years and over","Estimate","Seasonally adjusted","Percent","239","units","0","v2063384","4.9.1.1.1.1","57.8","","","","1"
"2025-06","Nova Scotia","2021A000212","Employment rate","Total - Gender","15 years and over","Estimate","Seasonally adjusted","Percent","239","units","0","v2063384","4.9.1.1.1.1","57.3","","","","1"
"2025-07","Nova Scotia","2021A000212","Employment rate","Total - Gender","15 years and over","Estimate","Seasonally adjusted","Percent","239","units","0","v2063384","4.9.1.1.1.1","57.5","","","","1"
"2025-08","Nova Scotia","2021A000212","Employment rate","Total - Gender","15 years and over","Estimate","Seasonally adjusted","Percent","239","units","0","v2063384","4.9.1.1.1.1","57.3","","","","1"
"2025-09","Nova Scotia","2021A000212","Employment rate","Total - Gender","15 years and over","Estimate","Seasonally adjusted","Percent","239","units","0","v2063384","4.9.1.1.1.1","57.4","","","","1"
"2025-05","New Brunswick","2021A000213","Population","Total - Gender","15 years and over","Estimate","Seasonally adjusted","Persons in thousands","428","thousands","3","v2063565","5.1.1.1.1.1","719.7","","","","1"
"2025-06","New Brunswick","2021A000213","Population","Total - Gender","15 years and over","Estimate","Seasonally adjusted","Persons in thousands","428","thousands","3","v2063565","5.1.1.1.1.1","720.5","","","","1"
"2025-07","New Brunswick","2021A000213","Population","Total - Gender","15 years and over","Estimate","Seasonally adjusted","Persons in thousands","428","thousands","3","v2063565","5.1.1.1.1.1","721.2","","","","1"
"2025-08","New Brunswick","2021A000213","Population","Total - Gender","15 years and over","Estimate","Seasonally adjusted","Persons in thousands","428","thousands","3","v2063565","5.1.1.1.1.1","721.7","","","","1"
"2025-09","New Brunswick","2021A000213","Population","Total - Gender","15 years and over","Estimate","Seasonally adjusted","Persons in thousands","428","thousands","3","v2063565","5.1.1.1.1.1","722.5","","","","1"
"2025-05","New Brunswick","2021A000213","Labour force","Total - Gender","15 years and over","Estimate","Seasonally adjusted","Persons in thousands","428","thousands","3","v2063566","5.2.1.1.1.1","435.6","","","","1"
"2025-06","New Brunswick","2021A000213","Labour force","Total - Gender","15 years and over","Estimate","Seasonally adjusted","Persons in thousands","428","thousands","3","v2063566","5.2.1.1.1.1","438.9","","","","1"
"2025-07","New Brunswick","2021A000213","Labour force","Total - Gender","15 years and over","Estimate","Seasonally adjusted","Persons in thousands","428","thousands","3","v2063566","5.2.1.1.1.1","440.7","","","","1"
"2025-08","New Brunswick","2021A000213","Labour force","Total - Gender","15 years and over","Estimate","Seasonally adjusted","Persons in thousands","428","thousands","3","v2063566","5.2.1.1.1.1","434.6","","","","1"
"2025-09","New Brunswick","2021A000213","Labour force","Total - Gender","15 years and over","Estimate","Seasonally adjusted","Persons in thousands","428","thousands","3","v2063566","5.2.1.1.1.1","441.6","","","","1"
"2025-05","New Brunswick","2021A000213","Employment","Total - Gender","15 years and over","Estimate","Seasonally adjusted","Persons in thousands","428","thousands","3","v2063567","5.3.1.1.1.1","408.0","","","","1"
"2025-06","New Brunswick","2021A000213","Employment","Total - Gender","15 years and over","Estimate","Seasonally adjusted","Persons in thousands","428","thousands","3","v2063567","5.3.1.1.1.1","406.8","","","","1"
"2025-07","New Brunswick","2021A000213","Employment","Total - Gender","15 years and over","Estimate","Seasonally adjusted","Persons in thousands","428","thousands","3","v2063567","5.3.1.1.1.1","407.7","","","","1"
"2025-08","New Brunswick","2021A000213","Employment","Total - Gender","15 years and over","Estimate","Seasonally adjusted","Persons in thousands","428","thousands","3","v2063567","5.3.1.1.1.1","401.2","","","","1"
"2025-09","New Brunswick","2021A000213","Employment","Total - Gender","15 years and over","Estimate","Seasonally adjusted","Persons in thousands","428","thousands","3","v2063567","5.3.1.1.1.1","405.9","","","","1"
"2025-05","New Brunswick","2021A000213","Full-time employment","Total - Gender","15 years and over","Estimate","Seasonally adjusted","Persons in thousands","428","thousands","3","v2063568","5.4.1.1.1.1","347.2","","","","1"
"2025-06","New Brunswick","2021A000213","Full-time employment","Total - Gender","15 years and over","Estimate","Seasonally adjusted","Persons in thousands","428","thousands","3","v2063568","5.4.1.1.1.1","347.5","","","","1"
"2025-07","New Brunswick","2021A000213","Full-time employment","Total - Gender","15 years and over","Estimate","Seasonally adjusted","Persons in thousands","428","thousands","3","v2063568","5.4.1.1.1.1","342.4","","","","1"
"2025-08","New Brunswick","2021A000213","Full-time employment","Total - Gender","15 years and over","Estimate","Seasonally adjusted","Persons in thousands","428","thousands","3","v2063568","5.4.1.1.1.1","340.2","","","","1"
"2025-09","New Brunswick","2021A000213","Full-time employment","Total - Gender","15 years and over","Estimate","Seasonally adjusted","Persons in thousands","428","thousands","3","v2063568","5.4.1.1.1.1","343.0","","","","1"
"2025-05","New Brunswick","2021A000213","Part-time employment","Total - Gender","15 years and over","Estimate","Seasonally adjusted","Persons in thousands","428","thousands","3","v2063569","5.5.1.1.1.1","60.8","","","","1"
"2025-06","New Brunswick","2021A000213","Part-time employment","Total - Gender","15 years and over","Estimate","Seasonally adjusted","Persons in thousands","428","thousands","3","v2063569","5.5.1.1.1.1","59.3","","","","1"
"2025-07","New Brunswick","2021A000213","Part-time employment","Total - Gender","15 years and over","Estimate","Seasonally adjusted","Persons in thousands","428","thousands","3","v2063569","5.5.1.1.1.1","65.3","","","","1"
"2025-08","New Brunswick","2021A000213","Part-time employment","Total - Gender","15 years and over","Estimate","Seasonally adjusted","Persons in thousands","428","thousands","3","v2063569","5.5.1.1.1.1","61.1","","","","1"
"2025-09","New Brunswick","2021A000213","Part-time employment","Total - Gender","15 years and over","Estimate","Seasonally adjusted","Persons in thousands","428","thousands","3","v2063569","5.5.1.1.1.1","63.0","","","","1"
"2025-05","New Brunswick","2021A000213","Unemployment","Total - Gender","15 years and over","Estimate","Seasonally adjusted","Persons in thousands","428","thousands","3","v2063570","5.6.1.1.1.1","27.6","","","","1"
"2025-06","New Brunswick","2021A000213","Unemployment","Total - Gender","15 years and over","Estimate","Seasonally adjusted","Persons in thousands","428","thousands","3","v2063570","5.6.1.1.1.1","32.1","","","","1"
"2025-07","New Brunswick","2021A000213","Unemployment","Total - Gender","15 years and over","Estimate","Seasonally adjusted","Persons in thousands","428","thousands","3","v2063570","5.6.1.1.1.1","33.0","","","","1"
"2025-08","New Brunswick","2021A000213","Unemployment","Total - Gender","15 years and over","Estimate","Seasonally adjusted","Persons in thousands","428","thousands","3","v2063570","5.6.1.1.1.1","33.4","","","","1"
"2025-09","New Brunswick","2021A000213","Unemployment","Total - Gender","15 years and over","Estimate","Seasonally adjusted","Persons in thousands","428","thousands","3","v2063570","5.6.1.1.1.1","35.7","","","","1"
"2025-05","New Brunswick","2021A000213","Unemployment rate","Total - Gender","15 years and over","Estimate","Seasonally adjusted","Percent","239","units","0","v2063571","5.7.1.1.1.1","6.3","","","","1"
"2025-06","New Brunswick","2021A000213","Unemployment rate","Total - Gender","15 years and over","Estimate","Seasonally adjusted","Percent","239","units","0","v2063571","5.7.1.1.1.1","7.3","","","","1"
"2025-07","New Brunswick","2021A000213","Unemployment rate","Total - Gender","15 years and over","Estimate","Seasonally adjusted","Percent","239","units","0","v2063571","5.7.1.1.1.1","7.5","","","","1"
"2025-08","New Brunswick","2021A000213","Unemployment rate","Total - Gender","15 years and over","Estimate","Seasonally adjusted","Percent","239","units","0","v2063571","5.7.1.1.1.1","7.7","","","","1"
"2025-09","New Brunswick","2021A000213","Unemployment rate","Total - Gender","15 years and over","Estimate","Seasonally adjusted","Percent","239","units","0","v2063571","5.7.1.1.1.1","8.1","","","","1"
"2025-05","New Brunswick","2021A000213","Participation rate","Total - Gender","15 years and over","Estimate","Seasonally adjusted","Percent","239","units","0","v2063572","5.8.1.1.1.1","60.5","","","","1"
"2025-06","New Brunswick","2021A000213","Participation rate","Total - Gender","15 years and over","Estimate","Seasonally adjusted","Percent","239","units","0","v2063572","5.8.1.1.1.1","60.9","","","","1"
"2025-07","New Brunswick","2021A000213","Participation rate","Total - Gender","15 years and over","Estimate","Seasonally adjusted","Percent","239","units","0","v2063572","5.8.1.1.1.1","61.1","","","","1"
"2025-08","New Brunswick","2021A000213","Participation rate","Total - Gender","15 years and over","Estimate","Seasonally adjusted","Percent","239","units","0","v2063572","5.8.1.1.1.1","60.2","","","","1"
"2025-09","New Brunswick","2021A000213","Participation rate","Total - Gender","15 years and over","Estimate","Seasonally adjusted","Percent","239","units","0","v2063572","5.8.1.1.1.1","61.1","","","","1"
"2025-05","New Brunswick","2021A000213","Employment rate","Total - Gender","15 years and over","Estimate","Seasonally adjusted","Percent","239","units","0","v2063573","5.9.1.1.1.1","56.7","","","","1"
"2025-06","New Brunswick","2021A000213","Employment rate","Total - Gender","15 years and over","Estimate","Seasonally adjusted","Percent","239","units","0","v2063573","5.9.1.1.1.1","56.5","","","","1"
"2025-07","New Brunswick","2021A000213","Employment rate","Total - Gender","15 years and over","Estimate","Seasonally adjusted","Percent","239","units","0","v2063573","5.9.1.1.1.1","56.5","","","","1"
"2025-08","New Brunswick","2021A000213","Employment rate","Total - Gender","15 years and over","Estimate","Seasonally adjusted","Percent","239","units","0","v2063573","5.9.1.1.1.1","55.6","","","","1"
"2025-09","New Brunswick","2021A000213","Employment rate","Total - Gender","15 years and over","Estimate","Seasonally adjusted","Percent","239","units","0","v2063573","5.9.1.1.1.1","56.2","","","","1"
"2025-05","Quebec","2021A000224","Population","Total - Gender","15 years and over","Estimate","Seasonally adjusted","Persons in thousands","428","thousands","3","v2063754","6.1.1.1.1.1","7572.0","","","","1"
"2025-06","Quebec","2021A000224","Population","Total - Gender","15 years and over","Estimate","Seasonally adjusted","Persons in thousands","428","thousands","3","v2063754","6.1.1.1.1.1","7584.3","","","","1"
"2025-07","Quebec","2021A000224","Population","Total - Gender","15 years and over","Estimate","Seasonally adjusted","Persons in thousands","428","thousands","3","v2063754","6.1.1.1.1.1","7593.5","","","","1"
"2025-08","Quebec","2021A000224","Population","Total - Gender","15 years and over","Estimate","Seasonally adjusted","Persons in thousands","428","thousands","3","v2063754","6.1.1.1.1.1","7600.3","","","","1"
"2025-09","Quebec","2021A000224","Population","Total - Gender","15 years and over","Estimate","Seasonally adjusted","Persons in thousands","428","thousands","3","v2063754","6.1.1.1.1.1","7601.7","","","","1"
"2025-05","Quebec","2021A000224","Labour force","Total - Gender","15 years and over","Estimate","Seasonally adjusted","Persons in thousands","428","thousands","3","v2063755","6.2.1.1.1.1","4916.1","","","","1"
"2025-06","Quebec","2021A000224","Labour force","Total - Gender","15 years and over","Estimate","Seasonally adjusted","Persons in thousands","428","thousands","3","v2063755","6.2.1.1.1.1","4962.3","","","","1"
"2025-07","Quebec","2021A000224","Labour force","Total - Gender","15 years and over","Estimate","Seasonally adjusted","Persons in thousands","428","thousands","3","v2063755","6.2.1.1.1.1","4908.1","","","","1"
"2025-08","Quebec","2021A000224","Labour force","Total - Gender","15 years and over","Estimate","Seasonally adjusted","Persons in thousands","428","thousands","3","v2063755","6.2.1.1.1.1","4939.9","","","","1"
"2025-09","Quebec","2021A000224","Labour force","Total - Gender","15 years and over","Estimate","Seasonally adjusted","Persons in thousands","428","thousands","3","v2063755","6.2.1.1.1.1","4921.3","","","","1"
"2025-05","Quebec","2021A000224","Employment","Total - Gender","15 years and over","Estimate","Seasonally adjusted","Persons in thousands","428","thousands","3","v2063756","6.3.1.1.1.1","4628.6","","","","1"
"2025-06","Quebec","2021A000224","Employment","Total - Gender","15 years and over","Estimate","Seasonally adjusted","Persons in thousands","428","thousands","3","v2063756","6.3.1.1.1.1","4652.0","","","","1"
"2025-07","Quebec","2021A000224","Employment","Total - Gender","15 years and over","Estimate","Seasonally adjusted","Persons in thousands","428","thousands","3","v2063756","6.3.1.1.1.1","4637.0","","","","1"
"2025-08","Quebec","2021A000224","Employment","Total - Gender","15 years and over","Estimate","Seasonally adjusted","Persons in thousands","428","thousands","3","v2063756","6.3.1.1.1.1","4644.5","","","","1"
"2025-09","Quebec","2021A000224","Employment","Total - Gender","15 years and over","Estimate","Seasonally adjusted","Persons in thousands","428","thousands","3","v2063756","6.3.1.1.1.1","4639.8","","","","1"
"2025-05","Quebec","2021A000224","Full-time employment","Total - Gender","15 years and over","Estimate","Seasonally adjusted","Persons in thousands","428","thousands","3","v2063757","6.4.1.1.1.1","3803.3","","","","1"
"2025-06","Quebec","2021A000224","Full-time employment","Total - Gender","15 years and over","Estimate","Seasonally adjusted","Persons in thousands","428","thousands","3","v2063757","6.4.1.1.1.1","3786.0","","","","1"
"2025-07","Quebec","2021A000224","Full-time employment","Total - Gender","15 years and over","Estimate","Seasonally adjusted","Persons in thousands","428","thousands","3","v2063757","6.4.1.1.1.1","3787.5","","","","1"
"2025-08","Quebec","2021A000224","Full-time employment","Total - Gender","15 years and over","Estimate","Seasonally adjusted","Persons in thousands","428","thousands","3","v2063757","6.4.1.1.1.1","3773.1","","","","1"
"2025-09","Quebec","2021A000224","Full-time employment","Total - Gender","15 years and over","Estimate","Seasonally adjusted","Persons in thousands","428","thousands","3","v2063757","6.4.1.1.1.1","3794.5","","","","1"
"2025-05","Quebec","2021A000224","Part-time employment","Total - Gender","15 years and over","Estimate","Seasonally adjusted","Persons in thousands","428","thousands","3","v2063758","6.5.1.1.1.1","825.3","","","","1"
"2025-06","Quebec","2021A000224","Part-time employment","Total - Gender","15 years and over","Estimate","Seasonally adjusted","Persons in thousands","428","thousands","3","v2063758","6.5.1.1.1.1","866.0","","","","1"
"2025-07","Quebec","2021A000224","Part-time employment","Total - Gender","15 years and over","Estimate","Seasonally adjusted","Persons in thousands","428","thousands","3","v2063758","6.5.1.1.1.1","849.5","","","","1"
"2025-08","Quebec","2021A000224","Part-time employment","Total - Gender","15 years and over","Estimate","Seasonally adjusted","Persons in thousands","428","thousands","3","v2063758","6.5.1.1.1.1","871.4","","","","1"
"2025-09","Quebec","2021A000224","Part-time employment","Total - Gender","15 years and over","Estimate","Seasonally adjusted","Persons in thousands","428","thousands","3","v2063758","6.5.1.1.1.1","845.4","","","","1"
"2025-05","Quebec","2021A000224","Unemployment","Total - Gender","15 years and over","Estimate","Seasonally adjusted","Persons in thousands","428","thousands","3","v2063759","6.6.1.1.1.1","287.5","","","","1"
"2025-06","Quebec","2021A000224","Unemployment","Total - Gender","15 years and over","Estimate","Seasonally adjusted","Persons in thousands","428","thousands","3","v2063759","6.6.1.1.1.1","310.3","","","","1"
"2025-07","Quebec","2021A000224","Unemployment","Total - Gender","15 years and over","Estimate","Seasonally adjusted","Persons in thousands","428","thousands","3","v2063759","6.6.1.1.1.1","271.1","","","","1"
"2025-08","Quebec","2021A000224","Unemployment","Total - Gender","15 years and over","Estimate","Seasonally adjusted","Persons in thousands","428","thousands","3","v2063759","6.6.1.1.1.1","295.4","","","","1"
"2025-09","Quebec","2021A000224","Unemployment","Total - Gender","15 years and over","Estimate","Seasonally adjusted","Persons in thousands","428","thousands","3","v2063759","6.6.1.1.1.1","281.5","","","","1"
"2025-05","Quebec","2021A000224","Unemployment rate","Total - Gender","15 years and over","Estimate","Seasonally adjusted","Percent","239","units","0","v2063760","6.7.1.1.1.1","5.8","","","","1"
"2025-06","Quebec","2021A000224","Unemployment rate","Total - Gender","15 years and over","Estimate","Seasonally adjusted","Percent","239","units","0","v2063760","6.7.1.1.1.1","6.3","","","","1"
"2025-07","Quebec","2021A000224","Unemployment rate","Total - Gender","15 years and over","Estimate","Seasonally adjusted","Percent","239","units","0","v2063760","6.7.1.1.1.1","5.5","","","","1"
"2025-08","Quebec","2021A000224","Unemployment rate","Total - Gender","15 years and over","Estimate","Seasonally adjusted","Percent","239","units","0","v2063760","6.7.1.1.1.1","6.0","","","","1"
"2025-09","Quebec","2021A000224","Unemployment rate","Total - Gender","15 years and over","Estimate","Seasonally adjusted","Percent","239","units","0","v2063760","6.7.1.1.1.1","5.7","","","","1"
"2025-05","Quebec","2021A000224","Participation rate","Total - Gender","15 years and over","Estimate","Seasonally adjusted","Percent","239","units","0","v2063761","6.8.1.1.1.1","64.9","","","","1"
"2025-06","Quebec","2021A000224","Participation rate","Total - Gender","15 years and over","Estimate","Seasonally adjusted","Percent","239","units","0","v2063761","6.8.1.1.1.1","65.4","","","","1"
"2025-07","Quebec","2021A000224","Participation rate","Total - Gender","15 years and over","Estimate","Seasonally adjusted","Percent","239","units","0","v2063761","6.8.1.1.1.1","64.6","","","","1"
"2025-08","Quebec","2021A000224","Participation rate","Total - Gender","15 years and over","Estimate","Seasonally adjusted","Percent","239","units","0","v2063761","6.8.1.1.1.1","65.0","","","","1"
"2025-09","Quebec","2021A000224","Participation rate","Total - Gender","15 years and over","Estimate","Seasonally adjusted","Percent","239","units","0","v2063761","6.8.1.1.1.1","64.7","","","","1"
"2025-05","Quebec","2021A000224","Employment rate","Total - Gender","15 years and over","Estimate","Seasonally adjusted","Percent","239","units","0","v2063762","6.9.1.1.1.1","61.1","","","","1"
"2025-06","Quebec","2021A000224","Employment rate","Total - Gender","15 years and over","Estimate","Seasonally adjusted","Percent","239","units","0","v2063762","6.9.1.1.1.1","61.3","","","","1"
"2025-07","Quebec","2021A000224","Employment rate","Total - Gender","15 years and over","Estimate","Seasonally adjusted","Percent","239","units","0","v2063762","6.9.1.1.1.1","61.1","","","","1"
"2025-08","Quebec","2021A000224","Employment rate","Total - Gender","15 years and over","Estimate","Seasonally adjusted","Percent","239","units","0","v2063762","6.9.1.1.1.1","61.1","","","","1"
"2025-09","Quebec","2021A000224","Employment rate","Total - Gender","15 years and over","Estimate","Seasonally adjusted","Percent","239","units","0","v2063762","6.9.1.1.1.1","61.0","","","","1"
"2025-05","Ontario","2021A000235","Population","Total - Gender","15 years and over","Estimate","Seasonally adjusted","Persons in thousands","428","thousands","3","v2063943","7.1.1.1.1.1","13692.6","","","","1"
"2025-06","Ontario","2021A000235","Population","Total - Gender","15 years and over","Estimate","Seasonally adjusted","Persons in thousands","428","thousands","3","v2063943","7.1.1.1.1.1","13705.6","","","","1"
"2025-07","Ontario","2021A000235","Population","Total - Gender","15 years and over","Estimate","Seasonally adjusted","Persons in thousands","428","thousands","3","v2063943","7.1.1.1.1.1","13715.2","","","","1"
"2025-08","Ontario","2021A000235","Population","Total - Gender","15 years and over","Estimate","Seasonally adjusted","Persons in thousands","428","thousands","3","v2063943","7.1.1.1.1.1","13722.8","","","","1"
"2025-09","Ontario","2021A000235","Population","Total - Gender","15 years and over","Estimate","Seasonally adjusted","Persons in thousands","428","thousands","3","v2063943","7.1.1.1.1.1","13732.8","","","","1"
"2025-05","Ontario","2021A000235","Labour force","Total - Gender","15 years and over","Estimate","Seasonally adjusted","Persons in thousands","428","thousands","3","v2063944","7.2.1.1.1.1","8905.5","","","","1"
"2025-06","Ontario","2021A000235","Labour force","Total - Gender","15 years and over","Estimate","Seasonally adjusted","Persons in thousands","428","thousands","3","v2063944","7.2.1.1.1.1","8915.1","","","","1"
"2025-07","Ontario","2021A000235","Labour force","Total - Gender","15 years and over","Estimate","Seasonally adjusted","Persons in thousands","428","thousands","3","v2063944","7.2.1.1.1.1","8917.4","","","","1"
"2025-08","Ontario","2021A000235","Labour force","Total - Gender","15 years and over","Estimate","Seasonally adjusted","Persons in thousands","428","thousands","3","v2063944","7.2.1.1.1.1","8876.4","","","","1"
"2025-09","Ontario","2021A000235","Labour force","Total - Gender","15 years and over","Estimate","Seasonally adjusted","Persons in thousands","428","thousands","3","v2063944","7.2.1.1.1.1","8905.7","","","","1"
"2025-05","Ontario","2021A000235","Employment","Total - Gender","15 years and over","Estimate","Seasonally adjusted","Persons in thousands","428","thousands","3","v2063945","7.3.1.1.1.1","8198.6","","","","1"
"2025-06","Ontario","2021A000235","Employment","Total - Gender","15 years and over","Estimate","Seasonally adjusted","Persons in thousands","428","thousands","3","v2063945","7.3.1.1.1.1","8219.8","","","","1"
"2025-07","Ontario","2021A000235","Employment","Total - Gender","15 years and over","Estimate","Seasonally adjusted","Persons in thousands","428","thousands","3","v2063945","7.3.1.1.1.1","8217.0","","","","1"
"2025-08","Ontario","2021A000235","Employment","Total - Gender","15 years and over","Estimate","Seasonally adjusted","Persons in thousands","428","thousands","3","v2063945","7.3.1.1.1.1","8191.0","","","","1"
"2025-09","Ontario","2021A000235","Employment","Total - Gender","15 years and over","Estimate","Seasonally adjusted","Persons in thousands","428","thousands","3","v2063945","7.3.1.1.1.1","8199.8","","","","1"
"2025-05","Ontario","2021A000235","Full-time employment","Total - Gender","15 years and over","Estimate","Seasonally adjusted","Persons in thousands","428","thousands","3","v2063946","7.4.1.1.1.1","6711.8","","","","1"
"2025-06","Ontario","2021A000235","Full-time employment","Total - Gender","15 years and over","Estimate","Seasonally adjusted","Persons in thousands","428","thousands","3","v2063946","7.4.1.1.1.1","6701.2","","","","1"
"2025-07","Ontario","2021A000235","Full-time employment","Total - Gender","15 years and over","Estimate","Seasonally adjusted","Persons in thousands","428","thousands","3","v2063946","7.4.1.1.1.1","6722.4","","","","1"
"2025-08","Ontario","2021A000235","Full-time employment","Total - Gender","15 years and over","Estimate","Seasonally adjusted","Persons in thousands","428","thousands","3","v2063946","7.4.1.1.1.1","6744.5","","","","1"
"2025-09","Ontario","2021A000235","Full-time employment","Total - Gender","15 years and over","Estimate","Seasonally adjusted","Persons in thousands","428","thousands","3","v2063946","7.4.1.1.1.1","6789.2","","","","1"
"2025-05","Ontario","2021A000235","Part-time employment","Total - Gender","15 years and over","Estimate","Seasonally adjusted","Persons in thousands","428","thousands","3","v2063947","7.5.1.1.1.1","1486.9","","","","1"
"2025-06","Ontario","2021A000235","Part-time employment","Total - Gender","15 years and over","Estimate","Seasonally adjusted","Persons in thousands","428","thousands","3","v2063947","7.5.1.1.1.1","1518.6","","","","1"
"2025-07","Ontario","2021A000235","Part-time employment","Total - Gender","15 years and over","Estimate","Seasonally adjusted","Persons in thousands","428","thousands","3","v2063947","7.5.1.1.1.1","1494.6","","","","1"
"2025-08","Ontario","2021A000235","Part-time employment","Total - Gender","15 years and over","Estimate","Seasonally adjusted","Persons in thousands","428","thousands","3","v2063947","7.5.1.1.1.1","1446.6","","","","1"
"2025-09","Ontario","2021A000235","Part-time employment","Total - Gender","15 years and over","Estimate","Seasonally adjusted","Persons in thousands","428","thousands","3","v2063947","7.5.1.1.1.1","1410.5","","","","1"
"2025-05","Ontario","2021A000235","Unemployment","Total - Gender","15 years and over","Estimate","Seasonally adjusted","Persons in thousands","428","thousands","3","v2063948","7.6.1.1.1.1","706.8","","","","1"
"2025-06","Ontario","2021A000235","Unemployment","Total - Gender","15 years and over","Estimate","Seasonally adjusted","Persons in thousands","428","thousands","3","v2063948","7.6.1.1.1.1","695.3","","","","1"
"2025-07","Ontario","2021A000235","Unemployment","Total - Gender","15 years and over","Estimate","Seasonally adjusted","Persons in thousands","428","thousands","3","v2063948","7.6.1.1.1.1","700.5","","","","1"
"2025-08","Ontario","2021A000235","Unemployment","Total - Gender","15 years and over","Estimate","Seasonally adjusted","Persons in thousands","428","thousands","3","v2063948","7.6.1.1.1.1","685.4","","","","1"
"2025-09","Ontario","2021A000235","Unemployment","Total - Gender","15 years and over","Estimate","Seasonally adjusted","Persons in thousands","428","thousands","3","v2063948","7.6.1.1.1.1","705.9","","","","1"
"2025-05","Ontario","2021A000235","Unemployment rate","Total - Gender","15 years and over","Estimate","Seasonally adjusted","Percent","239","units","0","v2063949","7.7.1.1.1.1","7.9","","","","1"
"2025-06","Ontario","2021A000235","Unemployment rate","Total - Gender","15 years and over","Estimate","Seasonally adjusted","Percent","239","units","0","v2063949","7.7.1.1.1.1","7.8","","","","1"
"2025-07","Ontario","2021A000235","Unemployment rate","Total - Gender","15 years and over","Estimate","Seasonally adjusted","Percent","239","units","0","v2063949","7.7.1.1.1.1","7.9","","","","1"
"2025-08","Ontario","2021A000235","Unemployment rate","Total - Gender","15 years and over","Estimate","Seasonally adjusted","Percent","239","units","0","v2063949","7.7.1.1.1.1","7.7","","","","1"
"2025-09","Ontario","2021A000235","Unemployment rate","Total - Gender","15 years and over","Estimate","Seasonally adjusted","Percent","239","units","0","v2063949","7.7.1.1.1.1","7.9","","","","1"
"2025-05","Ontario","2021A000235","Participation rate","Total - Gender","15 years and over","Estimate","Seasonally adjusted","Percent","239","units","0","v2063950","7.8.1.1.1.1","65.0","","","","1"
"2025-06","Ontario","2021A000235","Participation rate","Total - Gender","15 years and over","Estimate","Seasonally adjusted","Percent","239","units","0","v2063950","7.8.1.1.1.1","65.0","","","","1"
"2025-07","Ontario","2021A000235","Participation rate","Total - Gender","15 years and over","Estimate","Seasonally adjusted","Percent","239","units","0","v2063950","7.8.1.1.1.1","65.0","","","","1"
"2025-08","Ontario","2021A000235","Participation rate","Total - Gender","15 years and over","Estimate","Seasonally adjusted","Percent","239","units","0","v2063950","7.8.1.1.1.1","64.7","","","","1"
"2025-09","Ontario","2021A000235","Participation rate","Total - Gender","15 years and over","Estimate","Seasonally adjusted","Percent","239","units","0","v2063950","7.8.1.1.1.1","64.8","","","","1"
"2025-05","Ontario","2021A000235","Employment rate","Total - Gender","15 years and over","Estimate","Seasonally adjusted","Percent","239","units","0","v2063951","7.9.1.1.1.1","59.9","","","","1"
"2025-06","Ontario","2021A000235","Employment rate","Total - Gender","15 years and over","Estimate","Seasonally adjusted","Percent","239","units","0","v2063951","7.9.1.1.1.1","60.0","","","","1"
"2025-07","Ontario","2021A000235","Employment rate","Total - Gender","15 years and over","Estimate","Seasonally adjusted","Percent","239","units","0","v2063951","7.9.1.1.1.1","59.9","","","","1"
"2025-08","Ontario","2021A000235","Employment rate","Total - Gender","15 years and over","Estimate","Seasonally adjusted","Percent","239","units","0","v2063951","7.9.1.1.1.1","59.7","","","","1"
"2025-09","Ontario","2021A000235","Employment rate","Total - Gender","15 years and over","Estimate","Seasonally adjusted","Percent","239","units","0","v2063951","7.9.1.1.1.1","59.7","","","","1"
"2025-05","Manitoba","2021A000246","Population","Total - Gender","15 years and over","Estimate","Seasonally adjusted","Persons in thousands","428","thousands","3","v2064132","8.1.1.1.1.1","1172.3","","","","1"
"2025-06","Manitoba","2021A000246","Population","Total - Gender","15 years and over","Estimate","Seasonally adjusted","Persons in thousands","428","thousands","3","v2064132","8.1.1.1.1.1","1174.2","","","","1"
"2025-07","Manitoba","2021A000246","Population","Total - Gender","15 years and over","Estimate","Seasonally adjusted","Persons in thousands","428","thousands","3","v2064132","8.1.1.1.1.1","1175.9","","","","1"
"2025-08","Manitoba","2021A000246","Population","Total - Gender","15 years and over","Estimate","Seasonally adjusted","Persons in thousands","428","thousands","3","v2064132","8.1.1.1.1.1","1177.2","","","","1"
"2025-09","Manitoba","2021A000246","Population","Total - Gender","15 years and over","Estimate","Seasonally adjusted","Persons in thousands","428","thousands","3","v2064132","8.1.1.1.1.1","1178.7","","","","1"
"2025-05","Manitoba","2021A000246","Labour force","Total - Gender","15 years and over","Estimate","Seasonally adjusted","Persons in thousands","428","thousands","3","v2064133","8.2.1.1.1.1","776.3","","","","1"
"2025-06","Manitoba","2021A000246","Labour force","Total - Gender","15 years and over","Estimate","Seasonally adjusted","Persons in thousands","428","thousands","3","v2064133","8.2.1.1.1.1","782.1","","","","1"
"2025-07","Manitoba","2021A000246","Labour force","Total - Gender","15 years and over","Estimate","Seasonally adjusted","Persons in thousands","428","thousands","3","v2064133","8.2.1.1.1.1","784.3","","","","1"
"2025-08","Manitoba","2021A000246","Labour force","Total - Gender","15 years and over","Estimate","Seasonally adjusted","Persons in thousands","428","thousands","3","v2064133","8.2.1.1.1.1","781.1","","","","1"
"2025-09","Manitoba","2021A000246","Labour force","Total - Gender","15 years and over","Estimate","Seasonally adjusted","Persons in thousands","428","thousands","3","v2064133","8.2.1.1.1.1","789.0","","","","1"
"2025-05","Manitoba","2021A000246","Employment","Total - Gender","15 years and over","Estimate","Seasonally adjusted","Persons in thousands","428","thousands","3","v2064134","8.3.1.1.1.1","730.8","","","","1"
"2025-06","Manitoba","2021A000246","Employment","Total - Gender","15 years and over","Estimate","Seasonally adjusted","Persons in thousands","428","thousands","3","v2064134","8.3.1.1.1.1","739.3","","","","1"
"2025-07","Manitoba","2021A000246","Employment","Total - Gender","15 years and over","Estimate","Seasonally adjusted","Persons in thousands","428","thousands","3","v2064134","8.3.1.1.1.1","741.4","","","","1"
"2025-08","Manitoba","2021A000246","Employment","Total - Gender","15 years and over","Estimate","Seasonally adjusted","Persons in thousands","428","thousands","3","v2064134","8.3.1.1.1.1","736.2","","","","1"
"2025-09","Manitoba","2021A000246","Employment","Total - Gender","15 years and over","Estimate","Seasonally adjusted","Persons in thousands","428","thousands","3","v2064134","8.3.1.1.1.1","740.1","","","","1"
"2025-05","Manitoba","2021A000246","Full-time employment","Total - Gender","15 years and over","Estimate","Seasonally adjusted","Persons in thousands","428","thousands","3","v2064135","8.4.1.1.1.1","610.7","","","","1"
"2025-06","Manitoba","2021A000246","Full-time employment","Total - Gender","15 years and over","Estimate","Seasonally adjusted","Persons in thousands","428","thousands","3","v2064135","8.4.1.1.1.1","609.3","","","","1"
"2025-07","Manitoba","2021A000246","Full-time employment","Total - Gender","15 years and over","Estimate","Seasonally adjusted","Persons in thousands","428","thousands","3","v2064135","8.4.1.1.1.1","606.7","","","","1"
"2025-08","Manitoba","2021A000246","Full-time employment","Total - Gender","15 years and over","Estimate","Seasonally adjusted","Persons in thousands","428","thousands","3","v2064135","8.4.1.1.1.1","603.4","","","","1"
"2025-09","Manitoba","2021A000246","Full-time employment","Total - Gender","15 years and over","Estimate","Seasonally adjusted","Persons in thousands","428","thousands","3","v2064135","8.4.1.1.1.1","614.5","","","","1"
"2025-05","Manitoba","2021A000246","Part-time employment","Total - Gender","15 years and over","Estimate","Seasonally adjusted","Persons in thousands","428","thousands","3","v2064136","8.5.1.1.1.1","120.1","","","","1"
"2025-06","Manitoba","2021A000246","Part-time employment","Total - Gender","15 years and over","Estimate","Seasonally adjusted","Persons in thousands","428","thousands","3","v2064136","8.5.1.1.1.1","130.0","","","","1"
"2025-07","Manitoba","2021A000246","Part-time employment","Total - Gender","15 years and over","Estimate","Seasonally adjusted","Persons in thousands","428","thousands","3","v2064136","8.5.1.1.1.1","134.7","","","","1"
"2025-08","Manitoba","2021A000246","Part-time employment","Total - Gender","15 years and over","Estimate","Seasonally adjusted","Persons in thousands","428","thousands","3","v2064136","8.5.1.1.1.1","132.8","","","","1"
"2025-09","Manitoba","2021A000246","Part-time employment","Total - Gender","15 years and over","Estimate","Seasonally adjusted","Persons in thousands","428","thousands","3","v2064136","8.5.1.1.1.1","125.6","","","","1"
"2025-05","Manitoba","2021A000246","Unemployment","Total - Gender","15 years and over","Estimate","Seasonally adjusted","Persons in thousands","428","thousands","3","v2064137","8.6.1.1.1.1","45.5","","","","1"
"2025-06","Manitoba","2021A000246","Unemployment","Total - Gender","15 years and over","Estimate","Seasonally adjusted","Persons in thousands","428","thousands","3","v2064137","8.6.1.1.1.1","42.8","","","","1"
"2025-07","Manitoba","2021A000246","Unemployment","Total - Gender","15 years and over","Estimate","Seasonally adjusted","Persons in thousands","428","thousands","3","v2064137","8.6.1.1.1.1","42.9","","","","1"
"2025-08","Manitoba","2021A000246","Unemployment","Total - Gender","15 years and over","Estimate","Seasonally adjusted","Persons in thousands","428","thousands","3","v2064137","8.6.1.1.1.1","44.9","","","","1"
"2025-09","Manitoba","2021A000246","Unemployment","Total - Gender","15 years and over","Estimate","Seasonally adjusted","Persons in thousands","428","thousands","3","v2064137","8.6.1.1.1.1","48.9","","","","1"
"2025-05","Manitoba","2021A000246","Unemployment rate","Total - Gender","15 years and over","Estimate","Seasonally adjusted","Percent","239","units","0","v2064138","8.7.1.1.1.1","5.9","","","","1"
"2025-06","Manitoba","2021A000246","Unemployment rate","Total - Gender","15 years and over","Estimate","Seasonally adjusted","Percent","239","units","0","v2064138","8.7.1.1.1.1","5.5","","","","1"
"2025-07","Manitoba","2021A000246","Unemployment rate","Total - Gender","15 years and over","Estimate","Seasonally adjusted","Percent","239","units","0","v2064138","8.7.1.1.1.1","5.5","","","","1"
"2025-08","Manitoba","2021A000246","Unemployment rate","Total - Gender","15 years and over","Estimate","Seasonally adjusted","Percent","239","units","0","v2064138","8.7.1.1.1.1","5.7","","","","1"
"2025-09","Manitoba","2021A000246","Unemployment rate","Total - Gender","15 years and over","Estimate","Seasonally adjusted","Percent","239","units","0","v2064138","8.7.1.1.1.1","6.2","","","","1"
"2025-05","Manitoba","2021A000246","Participation rate","Total - Gender","15 years and over","Estimate","Seasonally adjusted","Percent","239","units","0","v2064139","8.8.1.1.1.1","66.2","","","","1"
"2025-06","Manitoba","2021A000246","Participation rate","Total - Gender","15 years and over","Estimate","Seasonally adjusted","Percent","239","units","0","v2064139","8.8.1.1.1.1","66.6","","","","1"
"2025-07","Manitoba","2021A000246","Participation rate","Total - Gender","15 years and over","Estimate","Seasonally adjusted","Percent","239","units","0","v2064139","8.8.1.1.1.1","66.7","","","","1"
"2025-08","Manitoba","2021A000246","Participation rate","Total - Gender","15 years and over","Estimate","Seasonally adjusted","Percent","239","units","0","v2064139","8.8.1.1.1.1","66.4","","","","1"
"2025-09","Manitoba","2021A000246","Participation rate","Total - Gender","15 years and over","Estimate","Seasonally adjusted","Percent","239","units","0","v2064139","8.8.1.1.1.1","66.9","","","","1"
"2025-05","Manitoba","2021A000246","Employment rate","Total - Gender","15 years and over","Estimate","Seasonally adjusted","Percent","239","units","0","v2064140","8.9.1.1.1.1","62.3","","","","1"
"2025-06","Manitoba","2021A000246","Employment rate","Total - Gender","15 years and over","Estimate","Seasonally adjusted","Percent","239","units","0","v2064140","8.9.1.1.1.1","63.0","","","","1"
"2025-07","Manitoba","2021A000246","Employment rate","Total - Gender","15 years and over","Estimate","Seasonally adjusted","Percent","239","units","0","v2064140","8.9.1.1.1.1","63.0","","","","1"
"2025-08","Manitoba","2021A000246","Employment rate","Total - Gender","15 years and over","Estimate","Seasonally adjusted","Percent","239","units","0","v2064140","8.9.1.1.1.1","62.5","","","","1"
"2025-09","Manitoba","2021A000246","Employment rate","Total - Gender","15 years and over","Estimate","Seasonally adjusted","Percent","239","units","0","v2064140","8.9.1.1.1.1","62.8","","","","1"
"2025-05","Saskatchewan","2021A000247","Population","Total - Gender","15 years and over","Estimate","Seasonally adjusted","Persons in thousands","428","thousands","3","v2064321","9.1.1.1.1.1","964.1","","","","1"
"2025-06","Saskatchewan","2021A000247","Population","Total - Gender","15 years and over","Estimate","Seasonally adjusted","Persons in thousands","428","thousands","3","v2064321","9.1.1.1.1.1","965.6","","","","1"
"2025-07","Saskatchewan","2021A000247","Population","Total - Gender","15 years and over","Estimate","Seasonally adjusted","Persons in thousands","428","thousands","3","v2064321","9.1.1.1.1.1","966.9","","","","1"
"2025-08","Saskatchewan","2021A000247","Population","Total - Gender","15 years and over","Estimate","Seasonally adjusted","Persons in thousands","428","thousands","3","v2064321","9.1.1.1.1.1","968.0","","","","1"
"2025-09","Saskatchewan","2021A000247","Population","Total - Gender","15 years and over","Estimate","Seasonally adjusted","Persons in thousands","428","thousands","3","v2064321","9.1.1.1.1.1","969.4","","","","1"
"2025-05","Saskatchewan","2021A000247","Labour force","Total - Gender","15 years and over","Estimate","Seasonally adjusted","Persons in thousands","428","thousands","3","v2064322","9.2.1.1.1.1","644.0","","","","1"
"2025-06","Saskatchewan","2021A000247","Labour force","Total - Gender","15 years and over","Estimate","Seasonally adjusted","Persons in thousands","428","thousands","3","v2064322","9.2.1.1.1.1","651.6","","","","1"
"2025-07","Saskatchewan","2021A000247","Labour force","Total - Gender","15 years and over","Estimate","Seasonally adjusted","Persons in thousands","428","thousands","3","v2064322","9.2.1.1.1.1","656.1","","","","1"
"2025-08","Saskatchewan","2021A000247","Labour force","Total - Gender","15 years and over","Estimate","Seasonally adjusted","Persons in thousands","428","thousands","3","v2064322","9.2.1.1.1.1","651.7","","","","1"
"2025-09","Saskatchewan","2021A000247","Labour force","Total - Gender","15 years and over","Estimate","Seasonally adjusted","Persons in thousands","428","thousands","3","v2064322","9.2.1.1.1.1","659.9","","","","1"
"2025-05","Saskatchewan","2021A000247","Employment","Total - Gender","15 years and over","Estimate","Seasonally adjusted","Persons in thousands","428","thousands","3","v2064323","9.3.1.1.1.1","617.1","","","","1"
"2025-06","Saskatchewan","2021A000247","Employment","Total - Gender","15 years and over","Estimate","Seasonally adjusted","Persons in thousands","428","thousands","3","v2064323","9.3.1.1.1.1","619.9","","","","1"
"2025-07","Saskatchewan","2021A000247","Employment","Total - Gender","15 years and over","Estimate","Seasonally adjusted","Persons in thousands","428","thousands","3","v2064323","9.3.1.1.1.1","623.4","","","","1"
"2025-08","Saskatchewan","2021A000247","Employment","Total - Gender","15 years and over","Estimate","Seasonally adjusted","Persons in thousands","428","thousands","3","v2064323","9.3.1.1.1.1","621.0","","","","1"
"2025-09","Saskatchewan","2021A000247","Employment","Total - Gender","15 years and over","Estimate","Seasonally adjusted","Persons in thousands","428","thousands","3","v2064323","9.3.1.1.1.1","620.3","","","","1"
"2025-05","Saskatchewan","2021A000247","Full-time employment","Total - Gender","15 years and over","Estimate","Seasonally adjusted","Persons in thousands","428","thousands","3","v2064324","9.4.1.1.1.1","508.3","","","","1"
"2025-06","Saskatchewan","2021A000247","Full-time employment","Total - Gender","15 years and over","Estimate","Seasonally adjusted","Persons in thousands","428","thousands","3","v2064324","9.4.1.1.1.1","516.7","","","","1"
"2025-07","Saskatchewan","2021A000247","Full-time employment","Total - Gender","15 years and over","Estimate","Seasonally adjusted","Persons in thousands","428","thousands","3","v2064324","9.4.1.1.1.1","518.2","","","","1"
"2025-08","Saskatchewan","2021A000247","Full-time employment","Total - Gender","15 years and over","Estimate","Seasonally adjusted","Persons in thousands","428","thousands","3","v2064324","9.4.1.1.1.1","516.3","","","","1"
"2025-09","Saskatchewan","2021A000247","Full-time employment","Total - Gender","15 years and over","Estimate","Seasonally adjusted","Persons in thousands","428","thousands","3","v2064324","9.4.1.1.1.1","518.0","","","","1"
"2025-05","Saskatchewan","2021A000247","Part-time employment","Total - Gender","15 years and over","Estimate","Seasonally adjusted","Persons in thousands","428","thousands","3","v2064325","9.5.1.1.1.1","108.8","","","","1"
"2025-06","Saskatchewan","2021A000247","Part-time employment","Total - Gender","15 years and over","Estimate","Seasonally adjusted","Persons in thousands","428","thousands","3","v2064325","9.5.1.1.1.1","103.2","","","","1"
"2025-07","Saskatchewan","2021A000247","Part-time employment","Total - Gender","15 years and over","Estimate","Seasonally adjusted","Persons in thousands","428","thousands","3","v2064325","9.5.1.1.1.1","105.2","","","","1"
"2025-08","Saskatchewan","2021A000247","Part-time employment","Total - Gender","15 years and over","Estimate","Seasonally adjusted","Persons in thousands","428","thousands","3","v2064325","9.5.1.1.1.1","104.7","","","","1"
"2025-09","Saskatchewan","2021A000247","Part-time employment","Total - Gender","15 years and over","Estimate","Seasonally adjusted","Persons in thousands","428","thousands","3","v2064325","9.5.1.1.1.1","102.4","","","","1"
"2025-05","Saskatchewan","2021A000247","Unemployment","Total - Gender","15 years and over","Estimate","Seasonally adjusted","Persons in thousands","428","thousands","3","v2064326","9.6.1.1.1.1","27.0","","","","1"
"2025-06","Saskatchewan","2021A000247","Unemployment","Total - Gender","15 years and over","Estimate","Seasonally adjusted","Persons in thousands","428","thousands","3","v2064326","9.6.1.1.1.1","31.7","","","","1"
"2025-07","Saskatchewan","2021A000247","Unemployment","Total - Gender","15 years and over","Estimate","Seasonally adjusted","Persons in thousands","428","thousands","3","v2064326","9.6.1.1.1.1","32.8","","","","1"
"2025-08","Saskatchewan","2021A000247","Unemployment","Total - Gender","15 years and over","Estimate","Seasonally adjusted","Persons in thousands","428","thousands","3","v2064326","9.6.1.1.1.1","30.7","","","","1"
"2025-09","Saskatchewan","2021A000247","Unemployment","Total - Gender","15 years and over","Estimate","Seasonally adjusted","Persons in thousands","428","thousands","3","v2064326","9.6.1.1.1.1","39.6","","","","1"
"2025-05","Saskatchewan","2021A000247","Unemployment rate","Total - Gender","15 years and over","Estimate","Seasonally adjusted","Percent","239","units","0","v2064327","9.7.1.1.1.1","4.2","","","","1"
"2025-06","Saskatchewan","2021A000247","Unemployment rate","Total - Gender","15 years and over","Estimate","Seasonally adjusted","Percent","239","units","0","v2064327","9.7.1.1.1.1","4.9","","","","1"
"2025-07","Saskatchewan","2021A000247","Unemployment rate","Total - Gender","15 years and over","Estimate","Seasonally adjusted","Percent","239","units","0","v2064327","9.7.1.1.1.1","5.0","","","","1"
"2025-08","Saskatchewan","2021A000247","Unemployment rate","Total - Gender","15 years and over","Estimate","Seasonally adjusted","Percent","239","units","0","v2064327","9.7.1.1.1.1","4.7","","","","1"
"2025-09","Saskatchewan","2021A000247","Unemployment rate","Total - Gender","15 years and over","Estimate","Seasonally adjusted","Percent","239","units","0","v2064327","9.7.1.1.1.1","6.0","","","","1"
"2025-05","Saskatchewan","2021A000247","Participation rate","Total - Gender","15 years and over","Estimate","Seasonally adjusted","Percent","239","units","0","v2064328","9.8.1.1.1.1","66.8","","","","1"
"2025-06","Saskatchewan","2021A000247","Participation rate","Total - Gender","15 years and over","Estimate","Seasonally adjusted","Percent","239","units","0","v2064328","9.8.1.1.1.1","67.5","","","","1"
"2025-07","Saskatchewan","2021A000247","Participation rate","Total - Gender","15 years and over","Estimate","Seasonally adjusted","Percent","239","units","0","v2064328","9.8.1.1.1.1","67.9","","","","1"
"2025-08","Saskatchewan","2021A000247","Participation rate","Total - Gender","15 years and over","Estimate","Seasonally adjusted","Percent","239","units","0","v2064328","9.8.1.1.1.1","67.3","","","","1"
"2025-09","Saskatchewan","2021A000247","Participation rate","Total - Gender","15 years and over","Estimate","Seasonally adjusted","Percent","239","units","0","v2064328","9.8.1.1.1.1","68.1","","","","1"
"2025-05","Saskatchewan","2021A000247","Employment rate","Total - Gender","15 years and over","Estimate","Seasonally adjusted","Percent","239","units","0","v2064329","9.9.1.1.1.1","64.0","","","","1"
"2025-06","Saskatchewan","2021A000247","Employment rate","Total - Gender","15 years and over","Estimate","Seasonally adjusted","Percent","239","units","0","v2064329","9.9.1.1.1.1","64.2","","","","1"
"2025-07","Saskatchewan","2021A000247","Employment rate","Total - Gender","15 years and over","Estimate","Seasonally adjusted","Percent","239","units","0","v2064329","9.9.1.1.1.1","64.5","","","","1"
"2025-08","Saskatchewan","2021A000247","Employment rate","Total - Gender","15 years and over","Estimate","Seasonally adjusted","Percent","239","units","0","v2064329","9.9.1.1.1.1","64.2","","","","1"
"2025-09","Saskatchewan","2021A000247","Employment rate","Total - Gender","15 years and over","Estimate","Seasonally adjusted","Percent","239","units","0","v2064329","9.9.1.1.1.1","64.0","","","","1"
"2025-05","Alberta","2021A000248","Population","Total - Gender","15 years and over","Estimate","Seasonally adjusted","Persons in thousands","428","thousands","3","v2064510","10.1.1.1.1.1","4041.2","","","","1"
"2025-06","Alberta","2021A000248","Population","Total - Gender","15 years and over","Estimate","Seasonally adjusted","Persons in thousands","428","thousands","3","v2064510","10.1.1.1.1.1","4051.6","","","","1"
"2025-07","Alberta","2021A000248","Population","Total - Gender","15 years and over","Estimate","Seasonally adjusted","Persons in thousands","428","thousands","3","v2064510","10.1.1.1.1.1","4060.3","","","","1"
"2025-08","Alberta","2021A000248","Population","Total - Gender","15 years and over","Estimate","Seasonally adjusted","Persons in thousands","428","thousands","3","v2064510","10.1.1.1.1.1","4067.5","","","","1"
"2025-09","Alberta","2021A000248","Population","Total - Gender","15 years and over","Estimate","Seasonally adjusted","Persons in thousands","428","thousands","3","v2064510","10.1.1.1.1.1","4076.7","","","","1"
"2025-05","Alberta","2021A000248","Labour force","Total - Gender","15 years and over","Estimate","Seasonally adjusted","Persons in thousands","428","thousands","3","v2064511","10.2.1.1.1.1","2768.4","","","","1"
"2025-06","Alberta","2021A000248","Labour force","Total - Gender","15 years and over","Estimate","Seasonally adjusted","Persons in thousands","428","thousands","3","v2064511","10.2.1.1.1.1","2783.8","","","","1"
"2025-07","Alberta","2021A000248","Labour force","Total - Gender","15 years and over","Estimate","Seasonally adjusted","Persons in thousands","428","thousands","3","v2064511","10.2.1.1.1.1","2796.2","","","","1"
"2025-08","Alberta","2021A000248","Labour force","Total - Gender","15 years and over","Estimate","Seasonally adjusted","Persons in thousands","428","thousands","3","v2064511","10.2.1.1.1.1","2798.5","","","","1"
"2025-09","Alberta","2021A000248","Labour force","Total - Gender","15 years and over","Estimate","Seasonally adjusted","Persons in thousands","428","thousands","3","v2064511","10.2.1.1.1.1","2825.2","","","","1"
"2025-05","Alberta","2021A000248","Employment","Total - Gender","15 years and over","Estimate","Seasonally adjusted","Persons in thousands","428","thousands","3","v2064512","10.3.1.1.1.1","2564.1","","","","1"
"2025-06","Alberta","2021A000248","Employment","Total - Gender","15 years and over","Estimate","Seasonally adjusted","Persons in thousands","428","thousands","3","v2064512","10.3.1.1.1.1","2594.1","","","","1"
"2025-07","Alberta","2021A000248","Employment","Total - Gender","15 years and over","Estimate","Seasonally adjusted","Persons in thousands","428","thousands","3","v2064512","10.3.1.1.1.1","2577.3","","","","1"
"2025-08","Alberta","2021A000248","Employment","Total - Gender","15 years and over","Estimate","Seasonally adjusted","Persons in thousands","428","thousands","3","v2064512","10.3.1.1.1.1","2563.1","","","","1"
"2025-09","Alberta","2021A000248","Employment","Total - Gender","15 years and over","Estimate","Seasonally adjusted","Persons in thousands","428","thousands","3","v2064512","10.3.1.1.1.1","2605.6","","","","1"
"2025-05","Alberta","2021A000248","Full-time employment","Total - Gender","15 years and over","Estimate","Seasonally adjusted","Persons in thousands","428","thousands","3","v2064513","10.4.1.1.1.1","2096.9","","","","1"
"2025-06","Alberta","2021A000248","Full-time employment","Total - Gender","15 years and over","Estimate","Seasonally adjusted","Persons in thousands","428","thousands","3","v2064513","10.4.1.1.1.1","2148.2","","","","1"
"2025-07","Alberta","2021A000248","Full-time employment","Total - Gender","15 years and over","Estimate","Seasonally adjusted","Persons in thousands","428","thousands","3","v2064513","10.4.1.1.1.1","2109.8","","","","1"
"2025-08","Alberta","2021A000248","Full-time employment","Total - Gender","15 years and over","Estimate","Seasonally adjusted","Persons in thousands","428","thousands","3","v2064513","10.4.1.1.1.1","2119.4","","","","1"
"2025-09","Alberta","2021A000248","Full-time employment","Total - Gender","15 years and over","Estimate","Seasonally adjusted","Persons in thousands","428","thousands","3","v2064513","10.4.1.1.1.1","2138.2","","","","1"
"2025-05","Alberta","2021A000248","Part-time employment","Total - Gender","15 years and over","Estimate","Seasonally adjusted","Persons in thousands","428","thousands","3","v2064514","10.5.1.1.1.1","467.2","","","","1"
"2025-06","Alberta","2021A000248","Part-time employment","Total - Gender","15 years and over","Estimate","Seasonally adjusted","Persons in thousands","428","thousands","3","v2064514","10.5.1.1.1.1","445.9","","","","1"
"2025-07","Alberta","2021A000248","Part-time employment","Total - Gender","15 years and over","Estimate","Seasonally adjusted","Persons in thousands","428","thousands","3","v2064514","10.5.1.1.1.1","467.5","","","","1"
"2025-08","Alberta","2021A000248","Part-time employment","Total - Gender","15 years and over","Estimate","Seasonally adjusted","Persons in thousands","428","thousands","3","v2064514","10.5.1.1.1.1","443.8","","","","1"
"2025-09","Alberta","2021A000248","Part-time employment","Total - Gender","15 years and over","Estimate","Seasonally adjusted","Persons in thousands","428","thousands","3","v2064514","10.5.1.1.1.1","467.3","","","","1"
"2025-05","Alberta","2021A000248","Unemployment","Total - Gender","15 years and over","Estimate","Seasonally adjusted","Persons in thousands","428","thousands","3","v2064515","10.6.1.1.1.1","204.3","","","","1"
"2025-06","Alberta","2021A000248","Unemployment","Total - Gender","15 years and over","Estimate","Seasonally adjusted","Persons in thousands","428","thousands","3","v2064515","10.6.1.1.1.1","189.6","","","","1"
"2025-07","Alberta","2021A000248","Unemployment","Total - Gender","15 years and over","Estimate","Seasonally adjusted","Persons in thousands","428","thousands","3","v2064515","10.6.1.1.1.1","218.9","","","","1"
"2025-08","Alberta","2021A000248","Unemployment","Total - Gender","15 years and over","Estimate","Seasonally adjusted","Persons in thousands","428","thousands","3","v2064515","10.6.1.1.1.1","235.4","","","","1"
"2025-09","Alberta","2021A000248","Unemployment","Total - Gender","15 years and over","Estimate","Seasonally adjusted","Persons in thousands","428","thousands","3","v2064515","10.6.1.1.1.1","219.6","","","","1"
"2025-05","Alberta","2021A000248","Unemployment rate","Total - Gender","15 years and over","Estimate","Seasonally adjusted","Percent","239","units","0","v2064516","10.7.1.1.1.1","7.4","","","","1"
"2025-06","Alberta","2021A000248","Unemployment rate","Total - Gender","15 years and over","Estimate","Seasonally adjusted","Percent","239","units","0","v2064516","10.7.1.1.1.1","6.8","","","","1"
"2025-07","Alberta","2021A000248","Unemployment rate","Total - Gender","15 years and over","Estimate","Seasonally adjusted","Percent","239","units","0","v2064516","10.7.1.1.1.1","7.8","","","","1"
"2025-08","Alberta","2021A000248","Unemployment rate","Total - Gender","15 years and over","Estimate","Seasonally adjusted","Percent","239","units","0","v2064516","10.7.1.1.1.1","8.4","","","","1"
"2025-09","Alberta","2021A000248","Unemployment rate","Total - Gender","15 years and over","Estimate","Seasonally adjusted","Percent","239","units","0","v2064516","10.7.1.1.1.1","7.8","","","","1"
"2025-05","Alberta","2021A000248","Participation rate","Total - Gender","15 years and over","Estimate","Seasonally adjusted","Percent","239","units","0","v2064517","10.8.1.1.1.1","68.5","","","","1"
"2025-06","Alberta","2021A000248","Participation rate","Total - Gender","15 years and over","Estimate","Seasonally adjusted","Percent","239","units","0","v2064517","10.8.1.1.1.1","68.7","","","","1"
"2025-07","Alberta","2021A000248","Participation rate","Total - Gender","15 years and over","Estimate","Seasonally adjusted","Percent","239","units","0","v2064517","10.8.1.1.1.1","68.9","","","","1"
"2025-08","Alberta","2021A000248","Participation rate","Total - Gender","15 years and over","Estimate","Seasonally adjusted","Percent","239","units","0","v2064517","10.8.1.1.1.1","68.8","","","","1"
"2025-09","Alberta","2021A000248","Participation rate","Total - Gender","15 years and over","Estimate","Seasonally adjusted","Percent","239","units","0","v2064517","10.8.1.1.1.1","69.3","","","","1"
"2025-05","Alberta","2021A000248","Employment rate","Total - Gender","15 years and over","Estimate","Seasonally adjusted","Percent","239","units","0","v2064518","10.9.1.1.1.1","63.4","","","","1"
"2025-06","Alberta","2021A000248","Employment rate","Total - Gender","15 years and over","Estimate","Seasonally adjusted","Percent","239","units","0","v2064518","10.9.1.1.1.1","64.0","","","","1"
"2025-07","Alberta","2021A000248","Employment rate","Total - Gender","15 years and over","Estimate","Seasonally adjusted","Percent","239","units","0","v2064518","10.9.1.1.1.1","63.5","","","","1"
"2025-08","Alberta","2021A000248","Employment rate","Total - Gender","15 years and over","Estimate","Seasonally adjusted","Percent","239","units","0","v2064518","10.9.1.1.1.1","63.0","","","","1"
"2025-09","Alberta","2021A000248","Employment rate","Total - Gender","15 years and over","Estimate","Seasonally adjusted","Percent","239","units","0","v2064518","10.9.1.1.1.1","63.9","","","","1"
"2025-05","British Columbia","2021A000259","Population","Total - Gender","15 years and over","Estimate","Seasonally adjusted","Persons in thousands","428","thousands","3","v2064699","11.1.1.1.1.1","4831.9","","","","1"
"2025-06","British Columbia","2021A000259","Population","Total - Gender","15 years and over","Estimate","Seasonally adjusted","Persons in thousands","428","thousands","3","v2064699","11.1.1.1.1.1","4837.2","","","","1"
"2025-07","British Columbia","2021A000259","Population","Total - Gender","15 years and over","Estimate","Seasonally adjusted","Persons in thousands","428","thousands","3","v2064699","11.1.1.1.1.1","4842.4","","","","1"
"2025-08","British Columbia","2021A000259","Population","Total - Gender","15 years and over","Estimate","Seasonally adjusted","Persons in thousands","428","thousands","3","v2064699","11.1.1.1.1.1","4846.2","","","","1"
"2025-09","British Columbia","2021A000259","Population","Total - Gender","15 years and over","Estimate","Seasonally adjusted","Persons in thousands","428","thousands","3","v2064699","11.1.1.1.1.1","4848.1","","","","1"
"2025-05","British Columbia","2021A000259","Labour force","Total - Gender","15 years and over","Estimate","Seasonally adjusted","Persons in thousands","428","thousands","3","v2064700","11.2.1.1.1.1","3167.9","","","","1"
"2025-06","British Columbia","2021A000259","Labour force","Total - Gender","15 years and over","Estimate","Seasonally adjusted","Persons in thousands","428","thousands","3","v2064700","11.2.1.1.1.1","3146.3","","","","1"
"2025-07","British Columbia","2021A000259","Labour force","Total - Gender","15 years and over","Estimate","Seasonally adjusted","Persons in thousands","428","thousands","3","v2064700","11.2.1.1.1.1","3136.7","","","","1"
"2025-08","British Columbia","2021A000259","Labour force","Total - Gender","15 years and over","Estimate","Seasonally adjusted","Persons in thousands","428","thousands","3","v2064700","11.2.1.1.1.1","3132.5","","","","1"
"2025-09","British Columbia","2021A000259","Labour force","Total - Gender","15 years and over","Estimate","Seasonally adjusted","Persons in thousands","428","thousands","3","v2064700","11.2.1.1.1.1","3146.7","","","","1"
"2025-05","British Columbia","2021A000259","Employment","Total - Gender","15 years and over","Estimate","Seasonally adjusted","Persons in thousands","428","thousands","3","v2064701","11.3.1.1.1.1","2963.9","","","","1"
"2025-06","British Columbia","2021A000259","Employment","Total - Gender","15 years and over","Estimate","Seasonally adjusted","Persons in thousands","428","thousands","3","v2064701","11.3.1.1.1.1","2968.9","","","","1"
"2025-07","British Columbia","2021A000259","Employment","Total - Gender","15 years and over","Estimate","Seasonally adjusted","Persons in thousands","428","thousands","3","v2064701","11.3.1.1.1.1","2952.6","","","","1"
"2025-08","British Columbia","2021A000259","Employment","Total - Gender","15 years and over","Estimate","Seasonally adjusted","Persons in thousands","428","thousands","3","v2064701","11.3.1.1.1.1","2936.9","","","","1"
"2025-09","British Columbia","2021A000259","Employment","Total - Gender","15 years and over","Estimate","Seasonally adjusted","Persons in thousands","428","thousands","3","v2064701","11.3.1.1.1.1","2944.7","","","","1"
"2025-05","British Columbia","2021A000259","Full-time employment","Total - Gender","15 years and over","Estimate","Seasonally adjusted","Persons in thousands","428","thousands","3","v2064702","11.4.1.1.1.1","2388.7","","","","1"
"2025-06","British Columbia","2021A000259","Full-time employment","Total - Gender","15 years and over","Estimate","Seasonally adjusted","Persons in thousands","428","thousands","3","v2064702","11.4.1.1.1.1","2372.4","","","","1"
"2025-07","British Columbia","2021A000259","Full-time employment","Total - Gender","15 years and over","Estimate","Seasonally adjusted","Persons in thousands","428","thousands","3","v2064702","11.4.1.1.1.1","2343.1","","","","1"
"2025-08","British Columbia","2021A000259","Full-time employment","Total - Gender","15 years and over","Estimate","Seasonally adjusted","Persons in thousands","428","thousands","3","v2064702","11.4.1.1.1.1","2333.8","","","","1"
"2025-09","British Columbia","2021A000259","Full-time employment","Total - Gender","15 years and over","Estimate","Seasonally adjusted","Persons in thousands","428","thousands","3","v2064702","11.4.1.1.1.1","2336.0","","","","1"
"2025-05","British Columbia","2021A000259","Part-time employment","Total - Gender","15 years and over","Estimate","Seasonally adjusted","Persons in thousands","428","thousands","3","v2064703","11.5.1.1.1.1","575.2","","","","1"
"2025-06","British Columbia","2021A000259","Part-time employment","Total - Gender","15 years and over","Estimate","Seasonally adjusted","Persons in thousands","428","thousands","3","v2064703","11.5.1.1.1.1","596.5","","","","1"
"2025-07","British Columbia","2021A000259","Part-time employment","Total - Gender","15 years and over","Estimate","Seasonally adjusted","Persons in thousands","428","thousands","3","v2064703","11.5.1.1.1.1","609.5","","","","1"
"2025-08","British Columbia","2021A000259","Part-time employment","Total - Gender","15 years and over","Estimate","Seasonally adjusted","Persons in thousands","428","thousands","3","v2064703","11.5.1.1.1.1","603.1","","","","1"
"2025-09","British Columbia","2021A000259","Part-time employment","Total - Gender","15 years and over","Estimate","Seasonally adjusted","Persons in thousands","428","thousands","3","v2064703","11.5.1.1.1.1","608.8","","","","1"
"2025-05","British Columbia","2021A000259","Unemployment","Total - Gender","15 years and over","Estimate","Seasonally adjusted","Persons in thousands","428","thousands","3","v2064704","11.6.1.1.1.1","204.0","","","","1"
"2025-06","British Columbia","2021A000259","Unemployment","Total - Gender","15 years and over","Estimate","Seasonally adjusted","Persons in thousands","428","thousands","3","v2064704","11.6.1.1.1.1","177.5","","","","1"
"2025-07","British Columbia","2021A000259","Unemployment","Total - Gender","15 years and over","Estimate","Seasonally adjusted","Persons in thousands","428","thousands","3","v2064704","11.6.1.1.1.1","184.1","","","","1"
"2025-08","British Columbia","2021A000259","Unemployment","Total - Gender","15 years and over","Estimate","Seasonally adjusted","Persons in thousands","428","thousands","3","v2064704","11.6.1.1.1.1","195.6","","","","1"
"2025-09","British Columbia","2021A000259","Unemployment","Total - Gender","15 years and over","Estimate","Seasonally adjusted","Persons in thousands","428","thousands","3","v2064704","11.6.1.1.1.1","201.9","","","","1"
"2025-05","British Columbia","2021A000259","Unemployment rate","Total - Gender","15 years and over","Estimate","Seasonally adjusted","Percent","239","units","0","v2064705","11.7.1.1.1.1","6.4","","","","1"
"2025-06","British Columbia","2021A000259","Unemployment rate","Total - Gender","15 years and over","Estimate","Seasonally adjusted","Percent","239","units","0","v2064705","11.7.1.1.1.1","5.6","","","","1"
"2025-07","British Columbia","2021A000259","Unemployment rate","Total - Gender","15 years and over","Estimate","Seasonally adjusted","Percent","239","units","0","v2064705","11.7.1.1.1.1","5.9","","","","1"
"2025-08","British Columbia","2021A000259","Unemployment rate","Total - Gender","15 years and over","Estimate","Seasonally adjusted","Percent","239","units","0","v2064705","11.7.1.1.1.1","6.2","","","","1"
"2025-09","British Columbia","2021A000259","Unemployment rate","Total - Gender","15 years and over","Estimate","Seasonally adjusted","Percent","239","units","0","v2064705","11.7.1.1.1.1","6.4","","","","1"
"2025-05","British Columbia","2021A000259","Participation rate","Total - Gender","15 years and over","Estimate","Seasonally adjusted","Percent","239","units","0","v2064706","11.8.1.1.1.1","65.6","","","","1"
"2025-06","British Columbia","2021A000259","Participation rate","Total - Gender","15 years and over","Estimate","Seasonally adjusted","Percent","239","units","0","v2064706","11.8.1.1.1.1","65.0","","","","1"
"2025-07","British Columbia","2021A000259","Participation rate","Total - Gender","15 years and over","Estimate","Seasonally adjusted","Percent","239","units","0","v2064706","11.8.1.1.1.1","64.8","","","","1"
"2025-08","British Columbia","2021A000259","Participation rate","Total - Gender","15 years and over","Estimate","Seasonally adjusted","Percent","239","units","0","v2064706","11.8.1.1.1.1","64.6","","","","1"
"2025-09","British Columbia","2021A000259","Participation rate","Total - Gender","15 years and over","Estimate","Seasonally adjusted","Percent","239","units","0","v2064706","11.8.1.1.1.1","64.9","","","","1"
"2025-05","British Columbia","2021A000259","Employment rate","Total - Gender","15 years and over","Estimate","Seasonally adjusted","Percent","239","units","0","v2064707","11.9.1.1.1.1","61.3","","","","1"
"2025-06","British Columbia","2021A000259","Employment rate","Total - Gender","15 years and over","Estimate","Seasonally adjusted","Percent","239","units","0","v2064707","11.9.1.1.1.1","61.4","","","","1"
"2025-07","British Columbia","2021A000259","Employment rate","Total - Gender","15 years and over","Estimate","Seasonally adjusted","Percent","239","units","0","v2064707","11.9.1.1.1.1","61.0","","","","1"
"2025-08","British Columbia","2021A000259","Employment rate","Total - Gender","15 years and over","Estimate","Seasonally adjusted","Percent","239","units","0","v2064707","11.9.1.1.1.1","60.6","","","","1"
"2025-09","British Columbia","2021A000259","Employment rate","Total - Gender","15 years and over","Estimate","Seasonally adjusted","Percent","239","units","0","v2064707","11.9.1.1.1.1","60.7","","","","1"


